"DeployID","Platform ID No.","Prg No.","Latitude","Longitude","Loc. quality","Loc. date","Loc. type","Altitude","Pass","Sat.","Mote Id","Frequency","Msg Date","Comp.","Msg","> - 120 DB","Best level","Delta freq.","Long. 1","Lat. sol. 1","Long. 2","Lat. sol. 2","Loc. idx","Nopc","Error radius","Semi-major axis","Semi-minor axis","Ellipse orientation","GDOP","SENSOR #01","SENSOR #02","SENSOR #03","SENSOR #04","SENSOR #05","SENSOR #06","SENSOR #07","SENSOR #08","SENSOR #09","SENSOR #10","SENSOR #11","SENSOR #12","SENSOR #13","SENSOR #14","SENSOR #15","SENSOR #16","SENSOR #17","SENSOR #18","SENSOR #19","SENSOR #20","SENSOR #21","SENSOR #22","SENSOR #23","SENSOR #24","SENSOR #25","SENSOR #26","SENSOR #27","SENSOR #28","SENSOR #29","SENSOR #30","SENSOR #31","SENSOR #32"
"CCS-2001",234804,17552,,,,,,,0,MB,,401650000,07/03/2022 14:51:52,1,1,0,-129,401650000,,,,,,,,,,,,4,172,146,236,48,3,151,52,117,175,196,1,64,208,88,89,68,0,3,202,38,128,56,128,10,109,192,,,,,
"CCS-2001",234804,17552,42.17044,-70.05383,B,07/03/2022 15:45:32,Argos,0,280,MC,,401677619.17,07/03/2022 15:40:52,1,2,0,-124,401677619.17,-70.05383,42.17044,-70.05383,42.17044,0,3,2441,103659,57,73,6899,208,42,89,198,232,0,104,60,60,60,60,60,60,60,60,60,60,62,199,137,131,231,226,6,89,36,47,22,112,50,206,
"CCS-2001",234804,17552,42.17044,-70.05383,B,07/03/2022 15:45:32,Argos,0,280,MC,,401677619.17,07/03/2022 15:45:32,1,2,0,-124,401677619.17,-70.05383,42.17044,-70.05383,42.17044,0,3,2441,103659,57,73,6899,56,136,153,198,224,70,130,4,0,0,0,,,,,,,,,,,,,,,,,,,,,
"CCS-2001",234804,17552,42.11432,-70.15978,0,07/03/2022 15:56:05,Argos,0,451,NN,,401677597.49,07/03/2022 15:53:04,1,5,0,-123,401677597.49,-70.15978,42.11432,-70.15978,42.11432,46,3,11877,26688,5285,166,538,186,243,153,198,233,128,204,2,131,81,8,24,36,19,16,53,185,88,49,82,212,207,246,172,31,192,80,60,48,0,0,
"CCS-2001",234804,17552,42.11432,-70.15978,0,07/03/2022 15:56:05,Argos,0,451,NN,,401677597.49,07/03/2022 15:53:33,1,5,0,-123,401677597.49,-70.15978,42.11432,-70.15978,42.11432,46,3,11877,26688,5285,166,538,4,164,142,252,157,3,179,51,71,179,128,5,0,80,88,89,64,0,3,24,128,128,58,128,12,110,192,,,,,
"CCS-2001",234804,17552,42.11432,-70.15978,0,07/03/2022 15:56:05,Argos,0,451,NN,,401677597.49,07/03/2022 15:53:52,1,5,0,-123,401677597.49,-70.15978,42.11432,-70.15978,42.11432,46,3,11877,26688,5285,166,538,196,70,147,162,188,180,143,15,95,107,85,135,14,12,29,60,120,48,118,92,69,102,186,208,163,157,13,78,147,198,190,
"CCS-2001",234804,17552,42.11432,-70.15978,0,07/03/2022 15:56:05,Argos,0,451,NN,,401677597.49,07/03/2022 15:59:23,1,5,0,-123,401677597.49,-70.15978,42.11432,-70.15978,42.11432,46,3,11877,26688,5285,166,538,189,26,73,198,241,65,40,62,79,245,137,17,178,27,10,46,13,16,100,97,188,120,139,9,9,206,184,211,252,113,192,
"CCS-2001",234804,17552,42.11432,-70.15978,0,07/03/2022 15:56:05,Argos,0,451,NN,,401677597.49,07/03/2022 16:00:35,1,5,0,-123,401677597.49,-70.15978,42.11432,-70.15978,42.11432,46,3,11877,26688,5285,166,538,186,243,153,198,233,128,204,2,131,81,54,191,99,232,242,161,228,139,82,53,250,2,130,168,142,2,144,18,99,33,136,
"CCS-2001",234804,17552,42.36743,-70.358,B,07/03/2022 21:47:51,Argos,0,79,SR,,401677676.99,07/03/2022 21:47:12,1,2,0,-135,401677676.99,-70.358,42.36743,-70.358,42.36743,7,3,72227,570744,9140,83,4609,16,245,41,198,245,90,20,170,101,233,128,,,,,,,,,,,,,,,,,,,,,
"CCS-2001",234804,17552,42.36743,-70.358,B,07/03/2022 21:47:51,Argos,0,79,SR,,401677676.99,07/03/2022 21:48:31,1,2,0,-135,401677676.99,-70.358,42.36743,-70.358,42.36743,7,3,72227,570744,9140,83,4609,68,162,137,198,224,53,130,4,0,0,0,,,,,,,,,,,,,,,,,,,,,
"CCS-2001",234804,17552,42.36691,-70.30906,B,07/03/2022 21:59:06,Argos,0,391,NK,,401677584.64,07/03/2022 21:55:51,1,2,0,-135,401677584.64,-70.30906,42.36691,-70.30906,42.36691,6,3,1830,5965,561,1,1224,221,42,169,199,28,168,210,44,240,176,14,224,0,255,39,131,143,55,187,137,43,89,213,73,198,74,13,70,229,116,66,
"CCS-2001",234804,17552,42.36691,-70.30906,B,07/03/2022 21:59:06,Argos,0,391,NK,,401677584.64,07/03/2022 22:02:22,1,2,0,-135,401677584.64,-70.30906,42.36691,-70.30906,42.36691,6,3,1830,5965,561,1,1224,186,122,41,199,3,128,188,0,130,17,75,160,4,86,162,98,15,144,204,50,8,120,131,225,148,35,164,53,8,16,0,
"CCS-2001",234804,17552,42.36603,-70.33362,B,07/03/2022 22:26:32,Argos,0,0,NP,,401677594.41,07/03/2022 22:26:32,1,1,0,-138,401677594.41,-70.33362,42.36603,-70.33362,42.36603,8,3,76714,290793,20237,83,5473,18,116,105,199,70,104,26,31,69,124,132,128,0,0,0,,,,,,,,,,,,,,,,,
"CCS-2001",234804,17552,42.27101,-70.35632,B,07/03/2022 23:17:05,Argos,0,0,A1,,401677660.46,07/03/2022 23:17:06,1,1,0,-124,401677660.46,-70.35632,42.27101,-70.35632,42.27101,5,3,1998,8168,488,89,4803,22,50,73,199,5,94,18,165,87,122,128,,,,,,,,,,,,,,,,,,,,,
"CCS-2001",234804,17552,42.2521,-70.35079,B,07/03/2022 23:23:54,Argos,0,72,SR,,401677584.6,07/03/2022 23:23:18,1,2,0,-121,401677584.6,-70.35079,42.2521,-70.35079,42.2521,6,3,1770,55066,56,93,4350,16,245,41,198,245,90,20,170,101,233,128,,,,,,,,,,,,,,,,,,,,,
"CCS-2001",234804,17552,42.2521,-70.35079,B,07/03/2022 23:23:54,Argos,0,72,SR,,401677584.6,07/03/2022 23:24:31,1,2,0,-121,401677584.6,-70.35079,42.2521,-70.35079,42.2521,6,3,1770,55066,56,93,4350,179,121,25,199,23,1,16,2,130,177,71,224,52,29,138,61,1,161,60,210,120,17,7,67,17,32,168,90,64,0,0,
"CCS-2001",234804,17552,42.26095,-70.02294,A,07/03/2022 23:39:53,Argos,0,241,NK,,401677668.29,07/03/2022 23:37:38,1,3,0,-120,401677668.29,-70.02294,42.26095,-70.02294,42.26095,6,3,7116,97128,521,80,1903,186,122,41,199,3,128,188,0,130,17,75,160,4,86,162,98,15,144,204,50,8,120,131,225,148,35,164,53,8,0,0,
"CCS-2001",234804,17552,42.26095,-70.02294,A,07/03/2022 23:39:53,Argos,0,241,NK,,401677668.29,07/03/2022 23:40:26,1,3,0,-120,401677668.29,-70.02294,42.26095,-70.02294,42.26095,6,3,7116,97128,521,80,1903,68,162,137,198,224,53,130,4,0,0,0,,,,,,,,,,,,,,,,,,,,,
"CCS-2001",234804,17552,42.26095,-70.02294,A,07/03/2022 23:39:53,Argos,0,241,NK,,401677668.29,07/03/2022 23:41:39,1,3,0,-120,401677668.29,-70.02294,42.26095,-70.02294,42.26095,6,3,7116,97128,521,80,1903,56,136,153,198,224,70,130,4,0,0,0,,,,,,,,,,,,,,,,,,,,,
"CCS-2001",234804,17552,42.25997,-70.01291,A,07/04/2022 00:01:59,Argos,0,641,NP,,401677669.58,07/04/2022 00:00:33,1,3,1,-119,401677669.58,-70.01291,42.25997,-70.01291,42.25997,6,2,3975,64149,246,76,1198,69,113,185,199,80,54,130,10,4,0,0,,,,,,,,,,,,,,,,,,,,,
"CCS-2001",234804,17552,42.25997,-70.01291,A,07/04/2022 00:01:59,Argos,0,641,NP,,401677669.58,07/04/2022 00:03:26,1,3,1,-119,401677669.58,-70.01291,42.25997,-70.01291,42.25997,6,2,3975,64149,246,76,1198,178,214,41,198,249,129,4,56,65,210,11,96,20,30,22,70,128,160,180,83,0,120,136,34,21,35,228,54,12,0,0,
"CCS-2001",234804,17552,42.25997,-70.01291,A,07/04/2022 00:01:59,Argos,0,641,NP,,401677669.58,07/04/2022 00:11:14,1,3,1,-119,401677669.58,-70.01291,42.25997,-70.01291,42.25997,6,2,3975,64149,246,76,1198,210,235,105,198,252,190,205,0,15,2,3,240,15,0,240,0,15,0,10,0,240,0,240,0,240,48,0,255,1,15,240,
"CCS-2001",234804,17552,42.2408,-70.03695,B,07/04/2022 00:38:39,Argos,0,0,MB,,401677668.95,07/04/2022 00:38:39,1,1,0,-135,401677668.95,-70.03695,42.2408,-70.03695,42.2408,8,2,1907,7701,472,77,5384,189,26,201,194,241,65,40,174,79,117,137,17,178,27,10,46,13,16,100,105,189,112,131,162,14,163,68,22,24,0,0,
"CCS-2001",234804,17552,41.94199,-70.25236,B,07/04/2022 08:21:36,Argos,0,0,A1,,401677630.07,07/04/2022 08:21:37,1,1,0,-140,401677630.07,-70.25236,41.94199,-70.25236,41.94199,8,3,3074,7387,1279,88,8692,65,112,45,199,64,183,130,6,4,24,0,,,,,,,,,,,,,,,,,,,,,
"CCS-2001",234804,17552,41.82856,-70.26047,B,07/04/2022 08:59:04,Argos,0,0,SR,,401677731.99,07/04/2022 08:59:04,1,1,0,-137,401677731.99,-70.26047,41.82856,-70.26047,41.82856,4,3,7707,33262,1785,57,21801,25,113,153,199,54,70,143,21,160,114,131,,,,,,,,,,,,,,,,,,,,,
"CCS-2001",234804,17552,41.74816,-70.16327,B,07/04/2022 09:59:20,Argos,0,21,A1,,401677662.31,07/04/2022 09:59:20,1,2,0,-135,401677662.31,-70.16327,41.74816,-70.16327,41.74816,8,3,9511,29917,3023,71,8197,214,88,25,199,72,0,107,247,140,191,249,11,243,17,59,123,212,251,246,75,59,63,137,179,127,204,207,122,203,179,12,
"CCS-2001",234804,17552,41.74816,-70.16327,B,07/04/2022 09:59:20,Argos,0,21,A1,,401677662.31,07/04/2022 09:59:41,1,2,0,-135,401677662.31,-70.16327,41.74816,-70.16327,41.74816,8,3,9511,29917,3023,71,8197,186,137,105,199,68,129,110,2,202,65,100,52,150,148,148,167,240,88,101,206,128,112,163,192,15,202,95,15,15,8,240,
"CCS-2001",234804,17552,41.68517,-69.40019,A,07/04/2022 11:49:03,Argos,0,0,NK,,401677657.16,07/04/2022 11:49:04,1,1,0,-132,401677657.16,-69.40019,41.68517,-69.40019,41.68517,8,2,1255,3413,461,161,670,210,235,105,198,252,182,205,0,15,2,0,240,15,0,240,0,15,0,10,0,240,0,240,0,240,48,0,255,1,15,240,
"CCS-2001",234804,17552,41.68517,-69.40019,A,07/04/2022 11:49:03,Argos,0,0,NK,,401677657.16,07/04/2022 11:50:39,1,1,0,-132,401677657.16,-69.40019,41.68517,-69.40019,41.68517,8,2,1255,3413,461,161,670,215,6,137,198,236,186,206,15,15,15,15,15,15,15,15,15,15,15,15,15,15,15,0,3,240,14,255,0,224,0,63,
"CCS-2001",234804,17552,41.68517,-69.40019,A,07/04/2022 11:49:03,Argos,0,0,NK,,401677657.16,07/04/2022 11:56:23,1,1,0,-132,401677657.16,-69.40019,41.68517,-69.40019,41.68517,8,2,1255,3413,461,161,670,208,42,89,198,232,0,104,60,60,60,60,60,60,60,60,60,60,60,60,60,60,60,59,168,187,37,147,184,191,254,80,
"CCS-2001",234804,17552,41.79476,-69.38825,A,07/04/2022 12:19:09,Argos,0,706,NP,,401677612.89,07/04/2022 12:19:09,1,3,0,-128,401677612.89,-69.38825,41.79476,-69.38825,41.79476,6,3,995,5456,181,101,462,177,101,105,200,153,129,30,32,4,178,6,129,50,182,23,95,221,143,179,225,153,176,220,90,168,16,148,29,246,33,73,
"CCS-2001",234804,17552,41.79476,-69.38825,A,07/04/2022 12:19:09,Argos,0,706,NP,,401677612.89,07/04/2022 12:25:48,1,3,0,-128,401677612.89,-69.38825,41.79476,-69.38825,41.79476,6,3,995,5456,181,101,462,177,95,233,200,132,193,6,44,6,98,198,241,160,91,36,72,138,0,180,65,184,72,7,128,141,129,128,122,48,0,0,
"CCS-2001",234804,17552,41.79476,-69.38825,A,07/04/2022 12:19:09,Argos,0,706,NP,,401677612.89,07/04/2022 12:30:55,1,3,0,-128,401677612.89,-69.38825,41.79476,-69.38825,41.79476,6,3,995,5456,181,101,462,187,65,105,200,113,192,192,28,8,131,201,164,146,75,100,146,89,36,137,36,190,75,52,201,109,30,91,58,4,150,91,
"CCS-2001",234804,17552,41.96571,-69.25533,0,07/04/2022 13:35:22,Argos,0,471,NK,,401677680.65,07/04/2022 13:29:36,1,5,0,-131,401677680.65,-69.25533,41.96571,-69.25533,41.96571,46,3,1607,4828,534,41,663,213,161,249,199,76,186,217,0,13,224,1,206,2,46,208,0,12,227,51,57,137,157,217,216,136,199,255,177,9,8,143,
"CCS-2001",234804,17552,41.96571,-69.25533,0,07/04/2022 13:35:22,Argos,0,471,NK,,401677680.65,07/04/2022 13:36:09,1,5,0,-131,401677680.65,-69.25533,41.96571,-69.25533,41.96571,46,3,1607,4828,534,41,663,214,88,25,199,72,0,107,247,140,191,233,11,19,122,36,48,208,204,42,153,245,138,33,227,175,125,217,227,190,216,157,
"CCS-2001",234804,17552,41.96571,-69.25533,0,07/04/2022 13:35:22,Argos,0,471,NK,,401677680.65,07/04/2022 13:36:35,1,5,0,-131,401677680.65,-69.25533,41.96571,-69.25533,41.96571,46,3,1607,4828,534,41,663,186,137,105,199,68,129,110,2,130,193,201,48,20,28,130,90,0,160,212,34,212,9,10,65,14,227,196,41,4,0,0,
"CCS-2001",234804,17552,41.96571,-69.25533,0,07/04/2022 13:35:22,Argos,0,471,NK,,401677680.65,07/04/2022 13:37:06,1,5,0,-131,401677680.65,-69.25533,41.96571,-69.25533,41.96571,46,3,1607,4828,534,41,663,69,224,153,199,96,69,130,,,,,,,,,,,,,,,,,,,,,,,,,
"CCS-2001",234804,17552,41.96571,-69.25533,0,07/04/2022 13:35:22,Argos,0,471,NK,,401677680.65,07/04/2022 13:37:27,1,5,0,-131,401677680.65,-69.25533,41.96571,-69.25533,41.96571,46,3,1607,4828,534,41,663,48,97,201,199,100,128,2,0,8,0,0,,,,,,,,,,,,,,,,,,,,,
"CCS-2001",234804,17552,41.96131,-69.24781,B,07/04/2022 13:45:41,Argos,0,15,MC,,401677736.69,07/04/2022 13:45:34,1,2,0,-126,401677736.69,-69.24781,41.96131,-69.24781,41.96131,6,3,2550,3636,1787,77,1328,25,31,217,199,86,120,20,31,94,67,193,,,,,,,,,,,,,,,,,,,,,
"CCS-2001",234804,17552,41.96131,-69.24781,B,07/04/2022 13:45:41,Argos,0,15,MC,,401677736.69,07/04/2022 13:45:50,1,2,0,-126,401677736.69,-69.24781,41.96131,-69.24781,41.96131,6,3,2550,3636,1787,77,1328,114,179,89,199,23,76,20,85,106,243,178,217,108,24,186,202,92,159,237,25,124,112,0,,,,,,,,,
"CCS-2001",234804,17552,41.96265,-69.26837,B,07/04/2022 14:00:24,Argos,0,0,NN,,401677693.39,07/04/2022 14:00:24,1,1,0,-133,401677693.39,-69.26837,41.96265,-69.26837,41.96265,6,3,4745,10913,2062,87,2764,65,112,41,199,64,55,130,6,4,24,0,,,,,,,,,,,,,,,,,,,,,
"CCS-2001",234804,17552,41.94484,-69.4821,B,07/04/2022 14:31:24,Argos,0,69,MB,,401677775.38,07/04/2022 14:30:50,1,2,0,-124,401677775.38,-69.4821,41.94484,-69.4821,41.94484,6,3,3415,5566,2095,6,1789,179,121,25,199,23,1,16,2,130,177,71,224,52,29,138,61,1,161,60,210,120,17,7,67,17,32,168,90,64,1,152,
"CCS-2001",234804,17552,41.94484,-69.4821,B,07/04/2022 14:31:24,Argos,0,69,MB,,401677775.38,07/04/2022 14:32:00,1,2,0,-124,401677775.38,-69.4821,41.94484,-69.4821,41.94484,6,3,3415,5566,2095,6,1789,4,164,138,231,55,5,115,51,151,180,160,5,2,247,58,233,132,133,206,230,244,238,242,6,235,104,194,,,,,
"CCS-2001",234804,17552,41.9049,-69.48194,B,07/04/2022 15:18:35,Argos,0,0,MC,,401677624.65,07/04/2022 15:18:35,1,1,0,-132,401677624.65,-69.48194,41.9049,-69.48194,41.9049,8,2,4223,4959,3595,81,3090,68,162,137,198,224,53,130,4,0,0,0,,,,,,,,,,,,,,,,,,,,,
"CCS-2001",234804,17552,41.9049,-69.48194,B,07/04/2022 15:18:35,Argos,0,0,MC,,401677624.65,07/04/2022 15:25:58,1,1,0,-132,401677624.65,-69.48194,41.9049,-69.48194,41.9049,8,2,4223,4959,3595,81,3090,29,43,89,198,230,94,34,34,190,221,139,,,,,,,,,,,,,,,,,,,,,
"CCS-2001",234804,17552,41.78298,-69.45116,A,07/04/2022 15:38:59,Argos,0,17,NN,,401677607.93,07/04/2022 15:38:42,1,2,0,-133,401677607.93,-69.45116,41.78298,-69.45116,41.78298,6,3,9990,182450,547,83,2174,189,26,73,198,241,65,40,62,79,241,132,73,221,198,216,63,62,138,75,146,79,128,212,182,4,230,50,187,248,74,207,
"CCS-2001",234804,17552,41.78298,-69.45116,A,07/04/2022 15:38:59,Argos,0,17,NN,,401677607.93,07/04/2022 15:39:00,1,2,0,-133,401677607.93,-69.45116,41.78298,-69.45116,41.78298,6,3,9990,182450,547,83,2174,65,13,57,200,224,55,131,0,20,8,0,,,,,,,,,,,,,,,,,,,,,
"CCS-2001",234804,17552,41.78298,-69.45116,A,07/04/2022 15:38:59,Argos,0,17,NN,,401677607.93,07/04/2022 15:45:50,1,2,0,-133,401677607.93,-69.45116,41.78298,-69.45116,41.78298,6,3,9990,182450,547,83,2174,68,225,105,200,208,73,129,6,12,0,16,,,,,,,,,,,,,,,,,,,,,
"CCS-2001",234804,17552,41.95533,-68.98875,A,07/04/2022 22:53:49,Argos,0,377,SR,,401677655.22,07/04/2022 22:49:00,1,3,0,-124,401677655.22,-68.98875,41.95533,-68.98875,41.95533,8,3,2539,10690,603,103,514,55,207,137,200,224,70,134,6,0,0,0,,,,,,,,,,,,,,,,,,,,,
"CCS-2001",234804,17552,41.95533,-68.98875,A,07/04/2022 22:53:49,Argos,0,377,SR,,401677655.22,07/04/2022 22:52:22,1,3,0,-124,401677655.22,-68.98875,41.95533,-68.98875,41.95533,8,3,2539,10690,603,103,514,26,50,201,200,230,110,157,247,102,202,141,128,0,0,0,,,,,,,,,,,,,,,,,
"CCS-2001",234804,17552,41.95533,-68.98875,A,07/04/2022 22:53:49,Argos,0,377,SR,,401677655.22,07/04/2022 22:55:17,1,3,0,-124,401677655.22,-68.98875,41.95533,-68.98875,41.95533,8,3,2539,10690,603,103,514,189,26,73,198,241,65,40,62,79,245,137,17,178,27,10,46,13,16,100,97,188,112,131,162,14,163,68,22,24,0,0,
"CCS-2001",234804,17552,41.957,-68.98684,B,07/04/2022 23:00:00,Argos,0,0,A1,,401677625.19,07/04/2022 23:00:01,1,1,0,-125,401677625.19,-68.98684,41.957,-68.98684,41.957,6,2,6177,9973,3826,99,1075,178,109,9,201,90,0,224,48,1,160,134,21,18,198,106,148,170,69,87,90,28,3,72,48,88,62,10,69,43,0,0,
"CCS-2001",234804,17552,41.89906,-68.95325,0,07/04/2022 23:48:26,Argos,0,325,NP,,401677640.46,07/04/2022 23:46:01,1,5,0,-126,401677640.46,-68.95325,41.89906,-68.95325,41.89906,47,3,27780,893180,864,78,2059,185,19,137,201,39,65,38,176,77,229,200,144,226,45,32,46,164,18,217,1,221,104,143,171,11,83,36,195,84,0,0,
"CCS-2001",234804,17552,41.89906,-68.95325,0,07/04/2022 23:48:26,Argos,0,325,NP,,401677640.46,07/04/2022 23:46:28,1,5,0,-126,401677640.46,-68.95325,41.89906,-68.95325,41.89906,47,3,27780,893180,864,78,2059,185,57,73,201,25,0,224,148,132,133,11,20,68,161,232,140,41,5,108,21,47,224,144,94,32,210,158,69,4,0,0,
"CCS-2001",234804,17552,41.89906,-68.95325,0,07/04/2022 23:48:26,Argos,0,325,NP,,401677640.46,07/04/2022 23:47:07,1,5,0,-126,401677640.46,-68.95325,41.89906,-68.95325,41.89906,47,3,27780,893180,864,78,2059,58,143,57,200,163,129,8,4,0,0,0,,,,,,,,,,,,,,,,,,,,,
"CCS-2001",234804,17552,41.89906,-68.95325,0,07/04/2022 23:48:26,Argos,0,325,NP,,401677640.46,07/04/2022 23:47:24,1,5,0,-126,401677640.46,-68.95325,41.89906,-68.95325,41.89906,47,3,27780,893180,864,78,2059,23,71,249,200,164,125,50,145,135,0,0,,,,,,,,,,,,,,,,,,,,,
"CCS-2001",234804,17552,41.89906,-68.95325,0,07/04/2022 23:48:26,Argos,0,325,NP,,401677640.46,07/04/2022 23:51:26,1,5,0,-126,401677640.46,-68.95325,41.89906,-68.95325,41.89906,47,3,27780,893180,864,78,2059,75,47,9,200,144,57,129,8,4,8,0,32,0,0,0,,,,,,,,,,,,,,,,,
"CCS-2001",234804,17552,41.89702,-68.62443,0,07/05/2022 00:33:10,Argos,0,103,SR,,401677639.66,07/05/2022 00:32:22,1,5,0,-133,401677639.66,-68.62443,41.89702,-68.62443,41.89702,48,2,6129,14672,2560,10,1707,182,124,249,200,185,0,200,8,130,16,74,16,100,24,140,77,132,32,148,65,144,13,2,130,23,33,8,34,12,0,0,
"CCS-2001",234804,17552,41.89702,-68.62443,0,07/05/2022 00:33:10,Argos,0,103,SR,,401677639.66,07/05/2022 00:32:37,1,5,0,-133,401677639.66,-68.62443,41.89702,-68.62443,41.89702,48,2,6129,14672,2560,10,1707,30,135,41,200,65,120,24,193,128,0,0,,,,,,,,,,,,,,,,,,,,,
"CCS-2001",234804,17552,41.89702,-68.62443,0,07/05/2022 00:33:10,Argos,0,103,SR,,401677639.66,07/05/2022 00:33:08,1,5,0,-133,401677639.66,-68.62443,41.89702,-68.62443,41.89702,48,2,6129,14672,2560,10,1707,24,157,187,88,201,249,182,22,40,82,104,,,,,,,,,,,,,,,,,,,,,
"CCS-2001",234804,17552,41.89702,-68.62443,0,07/05/2022 00:33:10,Argos,0,103,SR,,401677639.66,07/05/2022 00:33:41,1,5,0,-133,401677639.66,-68.62443,41.89702,-68.62443,41.89702,48,2,6129,14672,2560,10,1707,19,4,57,200,49,120,24,192,32,192,0,,,,,,,,,,,,,,,,,,,,,
"CCS-2001",234804,17552,41.89435,-68.62243,B,07/05/2022 00:33:53,Argos,0,24,A1,,401677666.93,07/05/2022 00:33:41,1,2,0,-139,401677666.93,-68.62243,41.89435,-68.62243,41.89435,6,3,3980,8624,1836,12,1676,19,4,57,200,33,120,24,192,32,192,0,,,,,,,,,,,,,,,,,,,,,
"CCS-2001",234804,17552,41.89702,-68.62443,0,07/05/2022 00:33:10,Argos,0,103,SR,,401677639.66,07/05/2022 00:34:05,1,5,0,-133,401677639.66,-68.62443,41.89702,-68.62443,41.89702,48,2,6129,14672,2560,10,1707,52,201,89,200,17,128,65,128,0,0,0,,,,,,,,,,,,,,,,,,,,,
"CCS-2001",234804,17552,41.89435,-68.62243,B,07/05/2022 00:33:53,Argos,0,24,A1,,401677666.93,07/05/2022 00:34:05,1,2,0,-139,401677666.93,-68.62243,41.89435,-68.62243,41.89435,6,3,3980,8624,1836,12,1676,52,203,89,200,17,128,65,128,0,0,0,,,,,,,,,,,,,,,,,,,,,
"CCS-2001",234804,17552,42.011,-68.7151,A,07/05/2022 00:55:13,Argos,0,168,NK,,401677656.06,07/05/2022 00:54:10,1,3,0,-131,401677656.06,-68.7151,42.011,-68.7151,42.011,6,3,2715,12730,579,53,1517,176,13,41,200,89,0,220,24,8,132,198,0,160,11,0,45,134,8,249,41,11,33,64,33,40,114,14,0,216,128,0,
"CCS-2001",234804,17552,42.011,-68.7151,A,07/05/2022 00:55:13,Argos,0,168,NK,,401677656.06,07/05/2022 00:54:33,1,3,0,-131,401677656.06,-68.7151,42.011,-68.7151,42.011,6,3,2715,12730,579,53,1517,190,111,249,200,77,192,248,36,10,195,134,64,224,106,32,48,6,1,217,21,128,48,12,218,205,225,130,97,196,0,36,
"CCS-2001",234804,17552,42.011,-68.7151,A,07/05/2022 00:55:13,Argos,0,168,NK,,401677656.06,07/05/2022 00:56:58,1,3,0,-131,401677656.06,-68.7151,42.011,-68.7151,42.011,6,3,2715,12730,579,53,1517,210,250,249,199,124,196,215,190,206,188,236,204,252,205,204,220,255,204,223,221,255,238,231,254,255,255,255,255,255,255,255,
"CCS-2001",234804,17552,41.96587,-68.8031,1,07/05/2022 01:00:02,Argos,0,227,MC,,401677661.86,07/05/2022 01:00:03,1,3,0,-126,401677661.86,-68.8031,41.96587,-68.8031,41.96587,46,3,775,1573,381,79,202,73,112,41,199,64,55,2,6,134,24,0,,,,,,,,,,,,,,,,,,,,,
"CCS-2001",234804,17552,41.96587,-68.8031,1,07/05/2022 01:00:02,Argos,0,227,MC,,401677661.86,07/05/2022 01:03:06,1,3,0,-126,401677661.86,-68.8031,41.96587,-68.8031,41.96587,46,3,775,1573,381,79,202,51,97,137,199,64,70,134,6,0,0,0,,,,,,,,,,,,,,,,,,,,,
"CCS-2001",234804,17552,41.96587,-68.8031,1,07/05/2022 01:00:02,Argos,0,227,MC,,401677661.86,07/05/2022 01:03:50,1,3,0,-126,401677661.86,-68.8031,41.96587,-68.8031,41.96587,46,3,775,1573,381,79,202,18,116,105,199,70,104,26,31,69,124,132,128,0,0,0,,,,,,,,,,,,,,,,,
"CCS-2001",234804,17552,41.96587,-68.8031,1,07/05/2022 01:00:02,Argos,0,227,MC,,401677661.86,07/05/2022 01:05:30,1,3,0,-126,401677661.86,-68.8031,41.96587,-68.8031,41.96587,46,3,775,1573,381,79,202,78,47,73,199,48,55,162,32,38,159,247,,,,,,,,,,,,,,,,,,,,,
"CCS-2001",234804,17552,41.96587,-68.8031,1,07/05/2022 01:00:02,Argos,0,227,MC,,401677661.86,07/05/2022 01:07:57,1,3,0,-126,401677661.86,-68.8031,41.96587,-68.8031,41.96587,46,3,775,1573,381,79,202,61,145,41,199,48,70,132,8,0,0,0,,,,,,,,,,,,,,,,,,,,,
"CCS-2001",234804,17552,41.96587,-68.8031,1,07/05/2022 01:00:02,Argos,0,227,MC,,401677661.86,07/05/2022 01:09:37,1,3,0,-126,401677661.86,-68.8031,41.96587,-68.8031,41.96587,46,3,775,1573,381,79,202,117,204,201,199,118,149,208,18,143,229,208,219,28,90,85,106,217,170,170,85,81,80,65,,,,,,,,,
"CCS-2001",234804,17552,41.94535,-68.70749,B,07/05/2022 01:37:16,Argos,0,0,NP,,401677679.26,07/05/2022 01:37:17,1,1,0,-139,401677679.26,-68.70749,41.94535,-68.70749,41.94535,7,3,7703,10445,5681,91,2350,219,252,248,199,88,3,103,191,203,187,59,147,122,145,167,59,185,19,123,117,55,114,19,119,146,243,111,82,115,41,28,
"CCS-2001",234804,17552,41.99023,-68.65377,B,07/05/2022 01:52:30,Argos,0,92,MB,,401677695.04,07/05/2022 01:52:31,1,2,0,-122,401677695.04,-68.65377,41.99023,-68.65377,41.99023,6,3,4854,51659,456,106,1812,56,15,137,199,0,69,136,,,,,,,,,,,,,,,,,,,,,,,,,
"CCS-2001",234804,17552,41.99023,-68.65377,B,07/05/2022 01:52:30,Argos,0,92,MB,,401677695.04,07/05/2022 01:54:03,1,2,0,-122,401677695.04,-68.65377,41.99023,-68.65377,41.99023,6,3,4854,51659,456,106,1812,72,16,9,198,240,55,131,10,0,8,0,,,,,,,,,,,,,,,,,,,,,
"CCS-2001",234804,17552,41.96529,-68.52932,B,07/05/2022 02:44:02,Argos,0,0,MC,,401677717.71,07/05/2022 02:44:03,1,1,0,-132,401677717.71,-68.52932,41.96529,-68.52932,41.96529,6,3,1720,5103,580,100,4855,19,164,58,12,124,141,93,147,248,98,2,239,138,120,125,,,,,,,,,,,,,,,,,
"CCS-2001",234804,17552,41.9725,-68.57214,B,07/05/2022 03:06:18,Argos,0,0,NN,,401677682.91,07/05/2022 03:06:18,1,1,0,-130,401677682.91,-68.57214,41.9725,-68.57214,41.9725,6,3,5023,39508,638,100,14206,74,208,169,201,48,55,133,2,0,8,0,,,,,,,,,,,,,,,,,,,,,
"CCS-2001",234804,17552,41.95236,-68.49731,B,07/05/2022 11:24:49,Argos,0,0,NK,,401677700.26,07/05/2022 11:24:49,1,1,0,-135,401677700.26,-68.49731,41.95236,-68.49731,41.95236,8,3,3227,6266,1661,71,9123,51,97,137,199,64,70,134,6,0,0,62,,,,,,,,,,,,,,,,,,,,,
"CCS-2001",234804,17552,42.10785,-67.96969,B,07/05/2022 12:14:39,Argos,0,23,NP,,401677615.44,07/05/2022 12:14:28,1,2,0,-122,401677615.44,-67.96969,42.10785,-47.97493,38.00263,8,2,863,23801,31,110,2420,176,112,217,199,32,129,150,10,131,144,198,144,68,16,2,64,129,32,140,66,88,9,6,33,20,128,136,44,20,0,0,
"CCS-2001",234804,17552,42.10785,-67.96969,B,07/05/2022 12:14:39,Argos,0,23,NP,,401677615.44,07/05/2022 12:14:51,1,2,0,-122,401677615.44,-67.96969,42.10785,-47.97493,38.00263,8,2,863,23801,31,110,2420,179,121,25,199,23,1,16,2,130,177,199,177,152,204,204,206,102,102,102,102,102,102,102,115,25,204,113,184,211,207,0,
"CCS-2001",234804,17552,42.11725,-67.85823,B,07/05/2022 13:09:14,Argos,0,48,NK,,401677670.86,07/05/2022 13:08:50,1,2,0,-124,401677670.86,-67.85823,42.11725,-67.85823,42.11725,5,3,4061,26789,615,120,2447,66,24,121,199,0,55,129,2,12,24,0,,,,,,,,,,,,,,,,,,,,,
"CCS-2001",234804,17552,42.11725,-67.85823,B,07/05/2022 13:09:14,Argos,0,48,NK,,401677670.86,07/05/2022 13:09:38,1,2,0,-124,401677670.86,-67.85823,42.11725,-67.85823,42.11725,5,3,4061,26789,615,120,2447,56,15,137,199,0,69,136,,,,,,,,,,,,,,,,,,,,,,,,,
"CCS-2001",234804,17552,42.12361,-67.89707,B,07/05/2022 13:17:04,Argos,0,0,MC,,401677659.5,07/05/2022 13:17:05,1,1,0,-132,401677659.5,-67.89707,42.12361,-67.89707,42.12361,6,3,2338,22519,242,134,2087,72,56,137,186,39,131,46,167,178,41,7,,,,,,,,,,,,,,,,,,,,,
"CCS-2001",234804,17552,42.12361,-67.89707,B,07/05/2022 13:17:04,Argos,0,0,MC,,401677659.5,07/05/2022 13:24:52,1,1,0,-132,401677659.5,-67.89707,42.12361,-67.89707,42.12361,6,3,2338,22519,242,134,2087,210,235,105,198,252,182,205,0,15,2,0,240,15,0,240,0,15,0,10,0,240,0,240,0,240,48,0,255,1,15,240,
"CCS-2001",234804,17552,42.11896,-67.78367,B,07/05/2022 13:50:44,Argos,0,0,NP,,401677638.64,07/05/2022 13:50:45,1,1,0,-136,401677638.64,-67.78367,42.11896,-67.78367,42.11896,8,3,2537,3946,1630,115,3203,29,43,89,198,230,222,98,36,184,217,8,,,,,,,,,,,,,,,,,,,,,
"CCS-2001",234804,17552,42.0392,-67.64146,B,07/05/2022 14:59:34,Argos,0,209,MC,,401677645.33,07/05/2022 14:59:34,1,2,2,-111,401677645.33,-67.64146,42.0392,-67.64146,42.0392,7,3,3914,344221,44,96,8261,79,105,249,202,80,55,130,4,0,8,0,,,,,,,,,,,,,,,,,,,,,
"CCS-2001",234804,17552,42.0392,-67.64146,B,07/05/2022 14:59:34,Argos,0,209,MC,,401677645.33,07/05/2022 15:03:03,1,2,2,-111,401677645.33,-67.64146,42.0392,-67.64146,42.0392,7,3,3914,344221,44,96,8261,4,156,142,238,251,7,115,52,231,167,192,5,0,164,71,253,72,0,3,147,110,128,133,0,78,103,192,,,,,
"CCS-2001",234804,17552,42.01771,-67.82308,A,07/05/2022 15:29:34,Argos,0,70,NN,,401677601.1,07/05/2022 15:29:03,1,3,0,-123,401677601.1,-67.82308,42.01771,-67.82308,42.01771,8,3,11336,182083,705,108,4155,20,121,41,202,56,118,22,17,8,10,139,133,135,128,0,,,,,,,,,,,,,,,,,
"CCS-2001",234804,17552,42.01771,-67.82308,A,07/05/2022 15:29:34,Argos,0,70,NN,,401677601.1,07/05/2022 15:29:26,1,3,0,-123,401677601.1,-67.82308,42.01771,-67.82308,42.01771,8,3,11336,182083,705,108,4155,57,126,137,202,32,137,129,64,120,129,0,,,,,,,,,,,,,,,,,,,,,
"CCS-2001",234804,17552,42.01771,-67.82308,A,07/05/2022 15:29:34,Argos,0,70,NN,,401677601.1,07/05/2022 15:30:14,1,3,0,-123,401677601.1,-67.82308,42.01771,-67.82308,42.01771,8,3,11336,182083,705,108,4155,177,67,73,201,9,65,38,40,68,228,6,84,162,28,4,49,37,21,72,84,104,26,12,74,160,208,52,12,20,192,0,
"CCS-2001",234804,17552,42.17584,-67.84945,0,07/05/2022 22:25:44,Argos,0,138,SR,,401677638.45,07/05/2022 22:24:43,1,4,0,-123,401677638.45,-67.84945,42.17584,,,48,3,25707,520094,1270,110,4165,190,140,153,201,120,128,212,14,140,86,71,96,68,15,14,49,2,32,116,33,108,21,3,163,140,0,104,213,92,0,0,
"CCS-2001",234804,17552,42.17584,-67.84945,0,07/05/2022 22:25:44,Argos,0,138,SR,,401677638.45,07/05/2022 22:25:03,1,4,0,-123,401677638.45,-67.84945,42.17584,,,48,3,25707,520094,1270,110,4165,190,12,121,201,112,128,207,4,129,209,72,0,68,73,40,55,1,160,160,97,104,5,14,106,146,64,168,40,16,0,0,
"CCS-2001",234804,17552,42.17584,-67.84945,0,07/05/2022 22:25:44,Argos,0,138,SR,,401677638.45,07/05/2022 22:26:10,1,4,0,-123,401677638.45,-67.84945,42.17584,,,48,3,25707,520094,1270,110,4165,187,209,127,220,196,182,224,46,146,108,35,96,113,250,93,223,27,42,20,9,150,101,118,47,103,50,177,19,197,204,60,
"CCS-2001",234804,17552,42.17584,-67.84945,0,07/05/2022 22:25:44,Argos,0,138,SR,,401677638.45,07/05/2022 22:27:01,1,4,0,-123,401677638.45,-67.84945,42.17584,,,48,3,25707,520094,1270,110,4165,178,109,9,201,90,0,224,49,1,227,2,67,252,24,106,148,170,69,87,90,28,2,72,96,88,188,26,69,51,0,0,
"CCS-2001",234804,17552,42.07364,-67.53951,0,07/05/2022 22:40:31,Argos,0,51,A1,,401677643.91,07/05/2022 22:40:03,1,3,0,-137,401677643.91,-67.53951,42.07364,-67.53951,42.07364,46,3,5058,203507,125,99,1081,58,51,41,199,48,70,164,10,32,8,0,,,,,,,,,,,,,,,,,,,,,
"CCS-2001",234804,17552,42.07364,-67.53951,0,07/05/2022 22:40:31,Argos,0,51,A1,,401677643.91,07/05/2022 22:40:37,1,3,0,-137,401677643.91,-67.53951,42.07364,-67.53951,42.07364,46,3,5058,203507,125,99,1081,114,149,41,200,69,112,80,108,236,252,118,86,20,37,190,170,93,16,97,165,61,164,76,,,,,,,,,
"CCS-2001",234804,17552,42.07364,-67.53951,0,07/05/2022 22:40:31,Argos,0,51,A1,,401677643.91,07/05/2022 22:40:54,1,3,0,-137,401677643.91,-67.53951,42.07364,-67.53951,42.07364,46,3,5058,203507,125,99,1081,187,161,57,201,61,17,120,180,76,91,83,31,129,252,60,16,29,146,76,199,187,22,193,185,10,177,222,108,70,250,138,
"CCS-2001",234804,17552,42.07364,-67.53951,0,07/05/2022 22:40:31,Argos,0,51,A1,,401677643.91,07/05/2022 22:44:43,1,3,0,-137,401677643.91,-67.53951,42.07364,-67.53951,42.07364,46,3,5058,203507,125,99,1081,177,67,73,201,9,65,38,40,68,228,6,84,162,28,4,49,37,21,72,84,104,27,223,246,195,120,195,210,201,38,111,
"CCS-2001",234804,17552,42.07364,-67.53951,0,07/05/2022 22:40:31,Argos,0,51,A1,,401677643.91,07/05/2022 22:45:22,1,3,0,-137,401677643.91,-67.53951,42.07364,-67.53951,42.07364,46,3,5058,203507,125,99,1081,178,231,41,200,247,129,64,44,66,208,201,129,162,16,140,77,128,32,184,50,64,116,133,226,156,0,40,46,24,0,0,
"CCS-2001",234804,17552,42.12117,-67.69814,B,07/05/2022 22:47:54,Argos,0,35,NK,,401677624.99,07/05/2022 22:47:37,1,2,2,-117,401677624.99,-67.69814,42.12117,-67.69814,42.12117,6,2,4392,8263,2334,68,980,184,109,201,200,238,193,68,4,130,64,134,1,205,193,92,134,4,111,94,99,83,248,121,33,104,188,133,221,50,64,188,
"CCS-2001",234804,17552,42.07364,-67.53951,0,07/05/2022 22:40:31,Argos,0,51,A1,,401677643.91,07/05/2022 22:47:37,1,3,0,-137,401677643.91,-67.53951,42.07364,-67.53951,42.07364,46,3,5058,203507,125,99,1081,184,109,201,200,238,193,68,4,130,64,196,141,74,20,6,65,233,89,126,102,172,120,134,98,148,163,68,37,62,249,181,
"CCS-2001",234804,17552,42.12117,-67.69814,B,07/05/2022 22:47:54,Argos,0,35,NK,,401677624.99,07/05/2022 22:48:12,1,2,2,-117,401677624.99,-67.69814,42.12117,-67.69814,42.12117,6,2,4392,8263,2334,68,980,16,221,73,199,22,107,36,45,49,225,152,128,0,0,0,,,,,,,,,,,,,,,,,
"CCS-2001",234804,17552,42.07364,-67.53951,0,07/05/2022 22:40:31,Argos,0,51,A1,,401677643.91,07/05/2022 22:48:12,1,3,0,-137,401677643.91,-67.53951,42.07364,-67.53951,42.07364,46,3,5058,203507,125,99,1081,16,221,73,199,22,107,36,45,49,225,152,128,0,0,0,,,,,,,,,,,,,,,,,
"CCS-2001",234804,17552,42.11247,-67.74961,B,07/05/2022 23:38:06,Argos,0,174,NP,,401677653.59,07/05/2022 23:36:40,1,2,0,-122,401677653.59,-67.74961,42.11247,-67.74961,42.11247,6,3,817,20648,32,78,2287,221,18,153,199,120,1,197,77,69,144,149,84,85,201,204,152,5,157,197,92,5,204,232,220,24,8,76,8,72,196,128,
"CCS-2001",234804,17552,42.11247,-67.74961,B,07/05/2022 23:38:06,Argos,0,174,NP,,401677653.59,07/05/2022 23:39:34,1,2,0,-122,401677653.59,-67.74961,42.11247,-67.74961,42.11247,6,3,817,20648,32,78,2287,218,164,25,199,108,214,216,13,14,219,237,222,190,222,205,220,219,221,237,221,6,205,204,220,219,205,188,203,230,186,190,
"CCS-2001",234804,17552,42.12964,-67.7516,A,07/06/2022 00:03:45,Argos,0,256,SR,,401677651.32,07/06/2022 00:01:06,1,3,0,-136,401677651.32,-67.7516,42.12964,-67.7516,42.12964,6,2,1734,9253,324,148,1183,178,186,41,199,77,192,218,184,66,81,7,53,155,100,115,203,19,32,18,89,79,44,148,171,209,84,165,186,211,34,209,
"CCS-2001",234804,17552,42.12964,-67.7516,A,07/06/2022 00:03:45,Argos,0,256,SR,,401677651.32,07/06/2022 00:04:49,1,3,0,-136,401677651.32,-67.7516,42.12964,-67.7516,42.12964,6,2,1734,9253,324,148,1183,213,161,249,199,76,186,217,0,13,224,1,206,2,46,208,0,12,224,1,174,48,64,14,225,0,15,255,0,30,1,30,
"CCS-2001",234804,17552,42.12964,-67.7516,A,07/06/2022 00:03:45,Argos,0,256,SR,,401677651.32,07/06/2022 00:05:22,1,3,0,-136,401677651.32,-67.7516,42.12964,-67.7516,42.12964,6,2,1734,9253,324,148,1183,186,137,105,199,68,129,110,2,130,193,201,48,20,92,130,90,2,160,212,38,208,168,14,74,85,40,179,45,74,171,1,
"CCS-2001",234804,17552,42.13191,-67.75063,B,07/06/2022 00:33:18,Argos,0,0,NK,,401677672.98,07/06/2022 00:33:19,1,1,0,-137,401677672.98,-67.75063,42.13191,-67.75063,42.13191,6,3,5026,6485,3895,117,2429,176,80,17,169,165,217,230,178,178,35,103,81,168,168,18,93,158,129,40,231,118,137,43,83,110,31,96,41,25,197,23,
"CCS-2001",234804,17552,42.13209,-67.69034,B,07/06/2022 00:45:36,Argos,0,175,MC,,401677668.39,07/06/2022 00:44:09,1,2,1,-115,401677668.39,-67.69034,42.13209,-67.69034,42.13209,6,3,2868,18355,448,162,1878,18,173,217,202,198,127,43,132,129,3,0,128,0,0,0,,,,,,,,,,,,,,,,,
"CCS-2001",234804,17552,42.13209,-67.69034,B,07/06/2022 00:45:36,Argos,0,175,MC,,401677668.39,07/06/2022 00:47:04,1,2,1,-115,401677668.39,-67.69034,42.13209,-67.69034,42.13209,6,3,2868,18355,448,162,1878,114,179,89,199,23,76,20,85,106,243,178,217,108,24,186,202,92,159,237,25,124,112,0,,,,,,,,,
"CCS-2001",234804,17552,42.1181,-67.67362,B,07/06/2022 01:16:19,Argos,0,0,NN,,401677665.01,07/06/2022 01:16:19,1,1,0,-129,401677665.01,-67.67362,42.1181,-67.67362,42.1181,8,3,1073,12125,94,101,1658,67,78,233,202,96,55,130,4,4,8,0,,,,,,,,,,,,,,,,,,,,,
"CCS-2001",234804,17552,42.1181,-67.67362,B,07/06/2022 01:16:19,Argos,0,0,NN,,401677665.01,07/06/2022 01:24:04,1,1,0,-129,401677665.01,-67.67362,42.1181,-67.67362,42.1181,8,3,1073,12125,94,101,1658,122,241,137,204,5,123,16,11,82,45,9,221,70,129,100,145,217,156,237,208,0,0,0,,,,,,,,,
"CCS-2001",234804,17552,42.11198,-67.66208,B,07/06/2022 01:32:55,Argos,0,0,MB,,401677662.17,07/06/2022 01:32:56,1,1,0,-121,401677662.17,-67.66208,42.11198,-67.66208,42.11198,6,3,981,2415,398,95,2140,186,243,153,143,112,132,182,98,131,17,8,24,36,19,16,53,0,160,96,82,28,13,5,78,44,233,139,166,226,60,210,
"CCS-2001",234804,17552,42.10082,-67.63451,B,07/06/2022 02:27:22,Argos,0,0,MC,,401677663.7,07/06/2022 02:27:22,1,1,0,-129,401677663.7,-67.63451,42.10082,-67.63451,42.10082,8,2,1252,2064,758,99,3525,218,48,217,204,12,208,212,14,83,238,46,238,46,238,238,237,237,216,237,110,221,222,212,238,221,94,222,239,238,238,238,
"CCS-2001",234804,17552,42.07951,-67.59685,B,07/06/2022 02:57:50,Argos,0,423,NN,,401677666.68,07/06/2022 02:57:51,1,2,0,-130,401677666.68,-67.59685,42.07951,-67.59685,42.07951,8,3,1635,38867,68,66,2952,17,158,153,201,118,104,60,77,15,135,224,,,,,,,,,,,,,,,,,,,,,
"CCS-2001",234804,17552,42.07951,-67.59685,B,07/06/2022 02:57:50,Argos,0,423,NN,,401677666.68,07/06/2022 03:04:54,1,2,0,-130,401677666.68,-67.59685,42.07951,-67.59685,42.07951,8,3,1635,38867,68,66,2952,19,168,89,201,102,109,220,65,143,15,133,128,0,0,42,,,,,,,,,,,,,,,,,
"CCS-2001",234804,17552,42.13292,-67.46795,A,07/06/2022 09:36:58,Argos,0,19,SR,,401677607.23,07/06/2022 09:36:48,1,2,0,-127,401677607.23,-67.46795,42.13292,-67.46795,42.13292,8,3,6179,20565,1856,170,2309,26,174,137,200,148,126,18,143,131,128,0,,,,,,,,,,,,,,,,,,,,,
"CCS-2001",234804,17552,42.13292,-67.46795,A,07/06/2022 09:36:58,Argos,0,19,SR,,401677607.23,07/06/2022 09:37:08,1,2,0,-127,401677607.23,-67.46795,42.13292,-67.46795,42.13292,8,3,6179,20565,1856,170,2309,57,88,201,200,130,134,4,128,107,10,12,,,,,,,,,,,,,,,,,,,,,
"CCS-2001",234804,17552,42.13292,-67.46795,A,07/06/2022 09:36:58,Argos,0,19,SR,,401677607.23,07/06/2022 09:43:14,1,2,0,-127,401677607.23,-67.46795,42.13292,-67.46795,42.13292,8,3,6179,20565,1856,170,2309,21,211,137,225,209,38,102,65,216,24,199,,,,,,,,,,,,,,,,,,,,,
"CCS-2001",234804,17552,42.13694,-67.53916,B,07/06/2022 11:03:26,Argos,0,31,NK,,401677666.78,07/06/2022 11:03:10,1,2,0,-133,401677666.78,-67.53916,42.13694,-67.53916,42.13694,6,3,9556,14142,6456,43,3053,65,112,41,215,100,67,142,78,241,86,7,,,,,,,,,,,,,,,,,,,,,
"CCS-2001",234804,17552,42.13694,-67.53916,B,07/06/2022 11:03:26,Argos,0,31,NK,,401677666.78,07/06/2022 11:03:42,1,2,0,-133,401677666.78,-67.53916,42.13694,-67.53916,42.13694,6,3,9556,14142,6456,43,3053,51,97,137,199,64,70,133,202,219,213,92,,,,,,,,,,,,,,,,,,,,,
"CCS-2001",234804,17552,42.0991,-67.53962,B,07/06/2022 11:18:25,Argos,0,0,SR,,401677606.51,07/06/2022 11:18:25,1,1,0,-135,401677606.51,-67.53962,42.0991,-67.53962,42.0991,6,3,8046,13311,4862,75,3148,18,116,104,199,70,104,26,31,69,126,132,128,0,0,0,,,,,,,,,,,,,,,,,
"CCS-2001",234804,17552,42.03605,-67.4316,A,07/06/2022 11:59:26,Argos,0,75,NP,,401677611.17,07/06/2022 11:58:49,1,2,0,-124,401677611.17,-67.4316,42.03605,-67.4316,42.03605,8,3,664,1539,286,42,491,57,243,129,96,41,238,13,,,,,,,,,,,,,,,,,,,,,,,,,
"CCS-2001",234804,17552,42.03605,-67.4316,A,07/06/2022 11:59:26,Argos,0,75,NP,,401677611.17,07/06/2022 12:00:04,1,2,0,-124,401677611.17,-67.4316,42.03605,-67.4316,42.03605,8,3,664,1539,286,42,491,16,245,41,198,245,90,20,170,101,233,128,,,,,,,,,,,,,,,,,,,,,
"CCS-2001",234804,17552,42.03605,-67.4316,A,07/06/2022 11:59:26,Argos,0,75,NP,,401677611.17,07/06/2022 12:04:31,1,2,0,-124,401677611.17,-67.4316,42.03605,-67.4316,42.03605,8,3,664,1539,286,42,491,56,136,153,198,224,70,130,4,0,0,0,,,,,,,,,,,,,,,,,,,,,
"CCS-2001",234804,17552,42.01217,-67.38867,B,07/06/2022 12:40:11,Argos,0,0,NK,,401677582.72,07/06/2022 12:40:12,1,1,0,-126,401677582.72,-67.38867,42.01217,-67.38867,42.01217,8,3,3334,4442,2502,89,2503,74,106,57,204,144,72,131,6,4,16,0,,,,,,,,,,,,,,,,,,,,,
"CCS-2001",234804,17552,42.01576,-67.39065,B,07/06/2022 13:01:30,Argos,0,0,MC,,401677567.27,07/06/2022 13:01:30,1,1,0,-126,401677567.27,-67.39065,42.01576,-67.39065,42.01576,6,3,2832,3924,2043,86,3005,70,139,233,204,128,71,131,2,4,0,0,,,,,,,,,,,,,,,,,,,,,
"CCS-2001",234804,17552,42.08252,-67.26459,0,07/06/2022 13:34:54,Argos,0,285,NN,,401677650.27,07/06/2022 13:33:42,1,5,0,-129,401677650.27,-67.26459,42.08252,-67.26459,42.08252,56,3,1522,5847,396,110,1029,210,235,105,198,252,182,205,0,15,2,0,240,15,0,240,0,15,0,10,0,240,0,240,0,240,48,6,67,24,198,186,
"CCS-2001",234804,17552,42.08252,-67.26459,0,07/06/2022 13:34:54,Argos,0,285,NN,,401677650.27,07/06/2022 13:36:07,1,5,0,-129,401677650.27,-67.26459,42.08252,-67.26459,42.08252,56,3,1522,5847,396,110,1029,75,22,137,204,32,53,128,2,0,128,2,,,,,,,,,,,,,,,,,,,,,
"CCS-2001",234804,17552,42.08252,-67.26459,0,07/06/2022 13:34:54,Argos,0,285,NN,,401677650.27,07/06/2022 13:36:38,1,5,0,-129,401677650.27,-67.26459,42.08252,-67.26459,42.08252,56,3,1522,5847,396,110,1029,55,25,73,204,36,128,4,0,8,0,0,,,,,,,,,,,,,,,,,,,,,
"CCS-2001",234804,17552,42.18026,-67.39089,1,07/06/2022 13:37:23,Argos,0,400,NP,,401677676.2,07/06/2022 13:36:38,1,5,0,-127,401677676.2,-67.39089,42.18026,-67.39089,42.18026,46,3,1405,8865,222,84,513,61,25,73,140,36,128,4,0,8,0,0,,,,,,,,,,,,,,,,,,,,,
"CCS-2001",234804,17552,42.08252,-67.26459,0,07/06/2022 13:34:54,Argos,0,285,NN,,401677650.27,07/06/2022 13:37:05,1,5,0,-129,401677650.27,-67.26459,42.08252,-67.26459,42.08252,56,3,1522,5847,396,110,1029,26,155,121,204,36,125,139,128,128,128,0,,,,,,,,,,,,,,,,,,,,,
"CCS-2001",234804,17552,42.18026,-67.39089,1,07/06/2022 13:37:23,Argos,0,400,NP,,401677676.2,07/06/2022 13:37:05,1,5,0,-127,401677676.2,-67.39089,42.18026,-67.39089,42.18026,46,3,1405,8865,222,84,513,26,155,121,204,36,125,139,128,128,128,0,,,,,,,,,,,,,,,,,,,,,
"CCS-2001",234804,17552,42.08252,-67.26459,0,07/06/2022 13:34:54,Argos,0,285,NN,,401677650.27,07/06/2022 13:38:27,1,5,0,-129,401677650.27,-67.26459,42.08252,-67.26459,42.08252,56,3,1522,5847,396,110,1029,112,29,137,199,52,16,209,54,200,22,95,96,84,164,41,177,93,152,7,128,0,0,132,,,,,,,,,
"CCS-2001",234804,17552,42.18026,-67.39089,1,07/06/2022 13:37:23,Argos,0,400,NP,,401677676.2,07/06/2022 13:38:27,1,5,0,-127,401677676.2,-67.39089,42.18026,-67.39089,42.18026,46,3,1405,8865,222,84,513,112,29,137,199,52,16,209,54,200,22,95,96,84,164,41,177,93,152,7,128,0,12,204,,,,,,,,,
"CCS-2001",234804,17552,42.18026,-67.39089,1,07/06/2022 13:37:23,Argos,0,400,NP,,401677676.2,07/06/2022 13:42:58,1,5,0,-127,401677676.2,-67.39089,42.18026,-67.39089,42.18026,46,3,1405,8865,222,84,513,189,26,73,198,241,65,40,62,79,245,137,17,178,27,10,46,13,16,100,97,188,112,136,20,208,33,34,189,129,12,70,
"CCS-2001",234804,17552,42.18026,-67.39089,1,07/06/2022 13:37:23,Argos,0,400,NP,,401677676.2,07/06/2022 13:43:18,1,5,0,-127,401677676.2,-67.39089,42.18026,-67.39089,42.18026,46,3,1405,8865,222,84,513,186,243,153,198,233,128,204,2,129,81,8,124,129,216,4,33,227,73,77,49,54,10,59,153,27,58,30,98,130,115,27,
"CCS-2001",234804,17552,42.14353,-67.41578,A,07/06/2022 13:44:53,Argos,0,0,MB,,401677677.14,07/06/2022 13:44:53,1,1,0,-130,401677677.14,-67.41578,42.14353,-67.41578,42.14353,6,3,1426,9735,208,96,717,71,52,26,186,66,10,193,1,0,0,0,,,,,,,,,,,,,,,,,,,,,
"CCS-2001",234804,17552,42.14353,-67.41578,A,07/06/2022 13:44:53,Argos,0,0,MB,,401677677.14,07/06/2022 13:48:32,1,1,0,-130,401677677.14,-67.41578,42.14353,-67.41578,42.14353,6,3,1426,9735,208,96,717,61,136,239,122,171,92,179,51,190,242,77,,,,,,,,,,,,,,,,,,,,,
"CCS-2001",234804,17552,42.14353,-67.41578,A,07/06/2022 13:44:53,Argos,0,0,MB,,401677677.14,07/06/2022 13:49:11,1,1,0,-130,401677677.14,-67.41578,42.14353,-67.41578,42.14353,6,3,1426,9735,208,96,717,76,204,248,203,100,52,133,,,,,,,,,,,,,,,,,,,,,,,,,
"CCS-2001",234804,17552,42.14335,-67.33834,B,07/06/2022 14:44:11,Argos,0,0,MC,,401677628.03,07/06/2022 14:44:11,1,1,1,-112,401677628.03,-67.33834,42.14335,-67.33834,42.14335,8,3,6498,10122,4171,91,2978,181,109,41,204,171,65,44,12,131,0,141,64,84,28,134,77,1,162,69,78,104,227,51,189,182,98,0,92,203,164,229,
"CCS-2001",234804,17552,42.19398,-67.25687,B,07/06/2022 15:20:40,Argos,0,108,NN,,401677670.67,07/06/2022 15:19:47,1,2,1,-119,401677670.67,-67.25687,42.19398,-67.25687,42.19398,5,3,4064,100904,163,105,3103,185,105,233,204,141,129,118,154,131,228,200,0,34,10,22,112,6,144,104,162,164,56,140,70,29,161,40,37,16,0,0,
"CCS-2001",234804,17552,42.19398,-67.25687,B,07/06/2022 15:20:40,Argos,0,108,NN,,401677670.67,07/06/2022 15:21:35,1,2,1,-119,401677670.67,-67.25687,42.19398,-67.25687,42.19398,5,3,4064,100904,163,105,3103,74,92,137,203,0,54,130,2,12,0,0,,,,,,,,,,,,,,,,,,,,,
"CCS-2001",234804,17552,42.21112,-67.15151,B,07/06/2022 16:19:35,Argos,0,0,MC,,401677653.39,07/06/2022 16:19:36,1,1,0,-132,401677653.39,-67.15151,42.21112,-67.15151,42.21112,8,2,2537,5518,1166,105,4057,184,38,73,,,,,,,,,,,,,,,,,,,,,,,,,,,,,
"CCS-2001",234804,17552,42.1936,-67.15999,B,07/06/2022 16:57:03,Argos,0,77,NN,,401677698.16,07/06/2022 16:56:25,1,2,0,-133,401677698.16,-67.15999,42.1936,-67.15999,42.1936,5,3,1996,10277,387,100,3912,79,105,249,202,80,55,130,4,0,8,0,,,,,,,,,,,,,,,,,,,,,
"CCS-2001",234804,17552,42.1936,-67.15999,B,07/06/2022 16:57:03,Argos,0,77,NN,,401677698.16,07/06/2022 16:57:42,1,2,0,-133,401677698.16,-67.15999,42.1936,-67.15999,42.1936,5,3,1996,10277,387,100,3912,4,17,201,13,165,20,123,52,39,167,192,5,20,208,71,253,72,0,2,128,164,255,168,154,182,80,13,,,,,
"CCS-2001",234804,17552,42.28759,-66.75698,B,07/06/2022 21:49:49,Argos,0,0,SR,,401677670.74,07/06/2022 21:49:49,1,1,0,-126,401677670.74,-66.75698,42.28759,-66.75698,42.28759,8,3,3277,7073,1518,80,6393,190,12,121,201,112,128,207,4,164,203,0,161,45,124,168,61,220,254,25,236,208,188,165,90,19,209,223,197,85,6,252,
"CCS-2001",234804,17552,42.17429,-67.00701,B,07/06/2022 23:28:34,Argos,0,0,NP,,401677643.22,07/06/2022 23:28:35,1,1,0,-124,401677643.22,-67.00701,42.17429,-67.00701,42.17429,0,3,2389,10330,552,88,5981,56,255,73,200,208,70,135,2,0,0,0,,,,,,,,,,,,,,,,,,,,,
"CCS-2001",234804,17552,42.24974,-66.9721,B,07/06/2022 23:28:34,Argos,0,0,SR,,401677677.54,07/06/2022 23:28:35,1,1,0,-132,401677677.54,-66.9721,42.24974,-66.9721,42.24974,8,3,3910,7447,2052,73,7540,56,255,75,201,216,206,135,2,0,0,2,,,,,,,,,,,,,,,,,,,,,
"CCS-2001",234804,17552,42.14842,-66.99896,B,07/07/2022 00:00:43,Argos,0,0,A1,,401677689.9,07/07/2022 00:00:44,1,1,0,-141,401677689.9,-66.99896,42.14842,-66.99896,42.14842,4,3,2177,9125,519,89,6150,176,13,41,204,89,128,220,24,8,132,198,0,160,139,0,128,2,11,249,35,207,94,33,224,152,65,254,3,53,128,143,
"CCS-2001",234804,17552,42.14584,-67.01201,B,07/07/2022 00:00:43,Argos,0,0,NK,,401677677.01,07/07/2022 00:00:44,1,1,0,-132,401677677.01,-67.01201,42.14584,-67.01201,42.14584,0,3,2288,11335,461,91,6465,176,13,41,200,89,0,220,24,8,132,198,0,160,11,0,45,134,8,249,41,11,33,64,33,40,114,14,0,216,128,3,
"CCS-2001",234804,17552,42.14087,-67.00918,B,07/07/2022 00:23:36,Argos,0,0,MC,,401677664.37,07/07/2022 00:23:37,1,1,0,-130,401677664.37,-67.00918,42.14087,-67.00918,42.14087,6,3,2123,7834,575,93,5997,26,175,128,157,250,88,99,99,237,59,92,,,,,,,,,,,,,,,,,,,,,
"CCS-2001",234804,17552,42.13832,-66.98579,B,07/07/2022 01:04:14,Argos,0,0,NN,,401677671.5,07/07/2022 01:04:15,1,1,0,-133,401677671.5,-66.98579,42.13832,-66.98579,42.13832,8,3,2383,7448,762,93,6735,185,213,233,205,68,65,70,6,195,161,201,48,39,89,145,51,102,145,39,95,105,16,172,40,117,39,85,197,131,249,86,
"CCS-2001",234804,17552,42.13927,-66.99052,B,07/07/2022 02:02:28,Argos,0,0,MC,,401677670.4,07/07/2022 02:02:28,1,1,0,-124,401677670.4,-66.99052,42.13927,-66.99052,42.13927,8,3,2380,5454,1038,95,6723,218,111,25,205,60,200,199,16,255,242,18,18,15,255,18,49,47,241,18,19,255,17,2,20,255,17,18,47,245,17,181,
"CCS-2001",234804,17552,42.12598,-66.92765,B,07/07/2022 02:42:19,Argos,0,0,NN,,401677680.63,07/07/2022 02:42:19,1,1,0,-137,401677680.63,-66.92765,42.12598,-66.92765,42.12598,8,3,2757,6760,1124,96,7793,4,172,118,41,206,10,179,50,247,181,16,5,0,224,71,253,68,0,3,58,18,128,175,66,128,109,7,,,,,
"CCS-2001",234804,17552,42.12953,-67.17454,B,07/07/2022 10:46:01,Argos,0,0,SR,,401677680.62,07/07/2022 10:46:02,1,1,0,-136,401677680.62,-67.17454,42.12953,-67.17454,42.12953,8,3,4025,92664,174,155,6024,55,198,89,205,21,128,2,0,0,96,0,,,,,,,,,,,,,,,,,,,,,
"CCS-2001",234804,17552,42.12953,-67.17454,B,07/07/2022 10:46:01,Argos,0,0,SR,,401677680.62,07/07/2022 10:50:48,1,1,0,-136,401677680.62,-67.17454,42.12953,-67.17454,42.12953,8,3,4025,92664,174,155,6024,75,139,25,204,240,56,129,2,4,16,32,,,,,,,,,,,,,,,,,,,,,
"CCS-2001",234804,17552,42.18879,-67.25617,0,07/07/2022 11:50:06,Argos,0,71,NP,,401677671.4,07/07/2022 11:49:34,1,4,0,-125,401677671.4,-67.25617,42.18879,-67.25617,42.18879,47,3,4839,17127,1367,49,1942,218,135,89,204,88,3,192,212,209,25,149,152,219,35,28,212,84,1,172,77,224,107,28,237,248,206,47,10,16,242,49,
"CCS-2001",234804,17552,42.18879,-67.25617,0,07/07/2022 11:50:06,Argos,0,71,NP,,401677671.4,07/07/2022 11:49:52,1,4,0,-125,401677671.4,-67.25617,42.18879,-67.25617,42.18879,47,3,4839,17127,1367,49,1942,29,92,137,204,216,121,17,136,134,135,51,9,131,0,0,,,,,,,,,,,,,,,,,
"CCS-2001",234804,17552,42.18879,-67.25617,0,07/07/2022 11:50:06,Argos,0,71,NP,,401677671.4,07/07/2022 11:50:16,1,4,0,-125,401677671.4,-67.25617,42.18879,-67.25617,42.18879,47,3,4839,17127,1367,49,1942,4,1,206,187,203,227,45,51,7,163,192,5,0,224,71,253,68,0,2,128,207,128,146,214,128,0,0,,,,,
"CCS-2001",234804,17552,42.18879,-67.25617,0,07/07/2022 11:50:06,Argos,0,71,NP,,401677671.4,07/07/2022 11:50:46,1,4,0,-125,401677671.4,-67.25617,42.18879,-67.25617,42.18879,47,3,4839,17127,1367,49,1942,54,131,105,204,192,86,137,,,,,,,,,,,,,,,,,,,,,,,,,
"CCS-2001",234804,17552,42.18709,-67.26904,B,07/07/2022 12:14:11,Argos,0,0,NK,,401677615.21,07/07/2022 12:14:11,1,1,0,-133,401677615.21,-67.26904,42.18709,-67.26904,42.18709,6,3,4543,7358,2804,58,2664,211,42,233,204,61,0,204,255,221,254,207,156,255,255,239,255,255,255,255,255,255,255,255,254,216,15,187,254,186,255,251,
"CCS-2001",234804,17552,42.18623,-67.28603,B,07/07/2022 13:30:00,Argos,0,0,NP,,401677626.04,07/07/2022 13:30:01,1,1,0,-131,401677626.04,-67.28603,42.18623,-67.28603,42.18623,8,3,5074,8272,3111,100,3643,182,179,89,203,51,192,238,2,148,73,97,160,1,7,133,145,0,104,47,20,125,30,37,186,227,48,2,12,137,0,0,
"CCS-2001",234804,17552,42.15367,-67.14308,1,07/07/2022 14:20:17,Argos,0,311,MC,,401677664.32,07/07/2022 14:19:52,1,5,2,-116,401677664.32,-67.14308,42.15367,-67.14308,42.15367,46,3,1350,11639,156,91,569,55,25,73,204,36,128,4,0,8,0,0,,,,,,,,,,,,,,,,,,,,,
"CCS-2001",234804,17552,42.15367,-67.14308,1,07/07/2022 14:20:17,Argos,0,311,MC,,401677664.32,07/07/2022 14:20:42,1,5,2,-116,401677664.32,-67.14308,42.15367,-67.14308,42.15367,46,3,1350,11639,156,91,569,26,155,121,204,36,119,143,128,128,136,0,,,,,,,,,,,,,,,,,,,,,
"CCS-2001",234804,17552,42.15367,-67.14308,1,07/07/2022 14:20:17,Argos,0,311,MC,,401677664.32,07/07/2022 14:21:08,1,5,2,-116,401677664.32,-67.14308,42.15367,-67.14308,42.15367,46,3,1350,11639,156,91,569,79,18,233,204,16,52,130,,,,,,,,,,,,,,,,,,,,,,,,,
"CCS-2001",234804,17552,42.15367,-67.14308,1,07/07/2022 14:20:17,Argos,0,311,MC,,401677664.32,07/07/2022 14:24:42,1,5,2,-116,401677664.32,-67.14308,42.15367,-67.14308,42.15367,46,3,1350,11639,156,91,569,71,52,153,204,0,53,130,2,0,0,0,,,,,,,,,,,,,,,,,,,,,
"CCS-2001",234804,17552,42.15367,-67.14308,1,07/07/2022 14:20:17,Argos,0,311,MC,,401677664.32,07/07/2022 14:25:03,1,5,2,-116,401677664.32,-67.14308,42.15367,-67.14308,42.15367,46,3,1350,11639,156,91,569,123,241,41,204,54,188,19,72,178,148,40,208,7,39,3,223,165,157,48,64,0,0,0,,,,,,,,,
"CCS-2001",234804,17552,42.1503,-67.10277,B,07/07/2022 15:11:50,Argos,0,0,NN,,401677637.67,07/07/2022 15:11:51,1,1,0,-130,401677637.67,-67.10277,42.1503,-67.10277,42.1503,8,3,5490,7737,3894,90,2841,178,109,9,201,90,0,224,48,1,160,134,21,18,198,106,148,170,69,87,90,28,2,72,32,88,188,26,69,35,0,0,
"CCS-2001",234804,17552,42.11025,-66.82817,B,07/07/2022 21:18:49,Argos,0,0,SR,,401677642.87,07/07/2022 21:18:49,1,1,0,-137,401677642.87,-66.82817,42.11025,-66.82817,42.11025,8,2,12834,27583,5971,83,7671,18,173,217,202,198,127,43,132,129,3,0,128,0,0,0,,,,,,,,,,,,,,,,,
"CCS-2001",234804,17552,42.08022,-66.88298,A,07/07/2022 22:11:15,Argos,0,117,A1,,401677651.23,07/07/2022 22:10:27,1,3,0,-123,401677651.23,-66.88298,42.08022,-66.88298,42.08022,8,3,572,11964,27,100,1585,186,73,73,206,174,65,68,40,132,16,204,97,20,30,8,73,103,39,231,36,31,206,65,30,46,21,254,255,0,195,155,
"CCS-2001",234804,17552,42.08022,-66.88298,A,07/07/2022 22:11:15,Argos,0,117,A1,,401677651.23,07/07/2022 22:10:54,1,3,0,-123,401677651.23,-66.88298,42.08022,-66.88298,42.08022,8,3,572,11964,27,100,1585,187,115,249,206,163,65,186,44,132,145,14,81,132,37,6,104,168,161,28,96,112,207,13,236,5,130,181,30,241,176,138,
"CCS-2001",234804,17552,42.08022,-66.88298,A,07/07/2022 22:11:15,Argos,0,117,A1,,401677651.23,07/07/2022 22:12:24,1,3,0,-123,401677651.23,-66.88298,42.08022,-66.88298,42.08022,8,3,572,11964,27,100,1585,26,236,233,202,149,120,3,1,131,1,0,,,,,,,,,,,,,,,,,,,,,
"CCS-2001",234804,17552,42.08422,-66.82633,B,07/07/2022 22:59:48,Argos,0,0,SR,,401677648.64,07/07/2022 22:59:48,1,1,1,-119,401677648.64,-66.82633,42.08422,-66.82633,42.08422,8,3,1007,2286,443,102,2832,181,174,217,205,115,1,84,48,132,129,74,97,116,39,12,75,10,160,220,97,120,73,5,68,23,66,168,80,28,0,0,
"CCS-2001",234804,17552,42.17569,-66.95429,A,07/07/2022 23:14:58,Argos,0,422,NP,,401677615.43,07/07/2022 23:14:59,1,3,0,-120,401677615.43,-66.95429,42.17569,-66.95429,42.17569,6,2,569,5062,63,90,820,25,246,57,202,98,120,30,25,65,131,0,,,,,,,,,,,,,,,,,,,,,
"CCS-2001",234804,17552,42.17569,-66.95429,A,07/07/2022 23:14:58,Argos,0,422,NP,,401677615.43,07/07/2022 23:15:38,1,3,0,-120,401677615.43,-66.95429,42.17569,-66.95429,42.17569,6,2,569,5062,63,90,820,79,105,249,202,80,55,130,4,0,8,0,,,,,,,,,,,,,,,,,,,,,
"CCS-2001",234804,17552,42.17569,-66.95429,A,07/07/2022 23:14:58,Argos,0,422,NP,,401677615.43,07/07/2022 23:22:01,1,3,0,-120,401677615.43,-66.95429,42.17569,-66.95429,42.17569,6,2,569,5062,63,90,820,59,207,137,202,85,130,4,0,0,16,0,,,,,,,,,,,,,,,,,,,,,
"CCS-2001",234804,17552,42.15197,-66.86691,0,07/07/2022 23:44:15,Argos,0,458,NK,,401677625.33,07/07/2022 23:36:37,1,4,0,-123,401677625.33,-66.86691,42.15197,-66.86691,42.15197,46,3,6549,52632,814,77,462,49,213,105,202,73,128,2,4,0,0,0,64,1,0,0,,,,,,,,,,,,,,,,,
"CCS-2001",234804,17552,42.15197,-66.86691,0,07/07/2022 23:44:15,Argos,0,458,NK,,401677625.33,07/07/2022 23:38:00,1,4,0,-123,401677625.33,-66.86691,42.15197,-66.86691,42.15197,46,3,6549,52632,814,77,462,19,70,233,202,73,117,149,7,130,130,11,136,137,128,128,,,,,,,,,,,,,,,,,
"CCS-2001",234804,17552,42.15197,-66.86691,0,07/07/2022 23:44:15,Argos,0,458,NK,,401677625.33,07/07/2022 23:42:50,1,4,0,-123,401677625.33,-66.86691,42.15197,-66.86691,42.15197,46,3,6549,52632,814,77,462,135,129,35,135,213,98,2,103,15,74,160,10,1,192,143,250,144,0,5,1,194,1,65,190,128,0,1,,,,,
"CCS-2001",234804,17552,42.17313,-66.92757,B,07/07/2022 23:44:15,Argos,0,0,NK,,401677635.07,07/07/2022 23:44:15,1,1,0,-137,401677635.07,-66.92757,42.17313,-66.92757,42.17313,6,3,1542,2376,1001,89,2264,125,166,185,202,36,50,83,35,146,110,63,65,70,38,126,232,193,155,29,,,,,,,,,,,,,
"CCS-2001",234804,17552,42.17009,-66.86514,B,07/08/2022 01:01:33,Argos,0,0,NP,,401677643.72,07/08/2022 01:01:34,1,1,0,-135,401677643.72,-66.86514,42.17009,-66.86514,42.17009,8,3,2324,4498,1200,95,4828,27,129,201,202,6,124,153,27,144,151,7,128,0,0,0,,,,,,,,,,,,,,,,,
"CCS-2001",234804,17552,42.07313,-66.74739,B,07/08/2022 02:40:07,Argos,0,182,NN,,401677659.1,07/08/2022 02:37:06,1,2,0,-128,401677659.1,-66.74739,42.07313,-66.74739,42.07313,8,3,62187,0,1945,98,8764,79,211,169,207,112,56,129,4,16,8,16,,,,,,,,,,,,,,,,,,,,,
"CCS-2001",234804,17552,42.16512,-66.7974,B,07/08/2022 02:40:07,Argos,0,0,NN,,401677655.56,07/08/2022 02:40:08,1,1,0,-135,401677655.56,-66.7974,42.16512,-66.7974,42.16512,8,3,72089,197630,26295,96,8802,52,37,9,207,112,87,132,10,0,0,0,,,,,,,,,,,,,,,,,,,,,
"CCS-2001",234804,17552,42.05046,-66.81474,B,07/08/2022 08:40:37,Argos,0,0,SR,,401677717.05,07/08/2022 08:40:37,1,1,0,-136,401677717.05,-66.81474,42.05046,-66.81474,42.05046,8,3,3044,5321,1741,73,7233,186,56,185,204,163,0,244,12,130,114,10,48,100,19,138,92,2,160,236,65,176,21,4,101,20,192,168,69,24,0,0,
"CCS-2001",234804,17552,42.13691,-66.97696,1,07/08/2022 13:15:22,Argos,0,437,NP,,401677672.13,07/08/2022 13:14:33,1,4,0,-126,401677672.13,-66.97696,42.13691,-66.97696,42.13691,48,3,615,1373,275,85,283,217,136,249,204,44,212,205,255,253,255,239,255,255,255,255,255,255,255,255,255,255,255,255,245,208,23,247,227,240,0,64,
"CCS-2001",234804,17552,42.13691,-66.97696,1,07/08/2022 13:15:22,Argos,0,437,NP,,401677672.13,07/08/2022 13:16:11,1,4,0,-126,401677672.13,-66.97696,42.13691,-66.97696,42.13691,48,3,615,1373,275,85,283,212,35,217,204,40,2,101,145,242,30,13,225,77,210,33,157,33,209,205,85,162,12,205,30,97,166,101,100,218,164,228,
"CCS-2001",234804,17552,42.13691,-66.97696,1,07/08/2022 13:15:22,Argos,0,437,NP,,401677672.13,07/08/2022 13:19:34,1,4,0,-126,401677672.13,-66.97696,42.13691,-66.97696,42.13691,48,3,615,1373,275,85,283,19,108,57,206,34,126,130,24,192,0,0,,,,,,,,,,,,,,,,,,,,,
"CCS-2001",234804,17552,42.13691,-66.97696,1,07/08/2022 13:15:22,Argos,0,437,NP,,401677672.13,07/08/2022 13:21:50,1,4,0,-126,401677672.13,-66.97696,42.13691,-66.97696,42.13691,48,3,615,1373,275,85,283,78,136,153,206,17,128,0,,,,,,,,,,,,,,,,,,,,,,,,,
"CCS-2001",234804,17552,42.1368,-66.97715,B,07/08/2022 13:29:40,Argos,0,0,NK,,401677674.54,07/08/2022 13:29:40,1,1,0,-128,401677674.54,-66.97715,42.1368,-66.97715,42.1368,6,3,2234,3047,1637,91,1478,4,172,102,214,164,12,115,51,39,167,192,5,0,224,71,253,72,0,3,109,30,128,245,0,176,253,128,,,,,
"CCS-2001",234804,17552,42.15099,-66.85403,0,07/08/2022 13:56:38,Argos,0,533,MC,,401677650.51,07/08/2022 13:56:29,1,5,3,-113,401677650.51,-66.85403,42.15099,-66.85403,42.15099,48,3,2302,10399,509,87,329,126,240,153,204,132,216,210,78,227,160,17,239,124,36,244,167,77,157,179,64,0,0,0,,,,,,,,,
"CCS-2001",234804,17552,42.15099,-66.85403,0,07/08/2022 13:56:38,Argos,0,533,MC,,401677650.51,07/08/2022 13:56:49,1,5,3,-113,401677650.51,-66.85403,42.15099,-66.85403,42.15099,48,3,2302,10399,509,87,329,211,52,233,204,8,0,75,207,113,15,160,231,101,74,32,229,230,108,231,14,102,82,113,46,35,191,65,137,160,135,108,
"CCS-2001",234804,17552,42.15099,-66.85403,0,07/08/2022 13:56:38,Argos,0,533,MC,,401677650.51,07/08/2022 13:59:49,1,5,3,-113,401677650.51,-66.85403,42.15099,-66.85403,42.15099,48,3,2302,10399,509,87,329,188,165,249,203,83,128,211,6,131,98,72,129,115,20,129,145,133,5,8,135,142,64,41,112,218,24,96,144,176,168,0,
"CCS-2001",234804,17552,42.15099,-66.85403,0,07/08/2022 13:56:38,Argos,0,533,MC,,401677650.51,07/08/2022 14:00:07,1,5,3,-113,401677650.51,-66.85403,42.15099,-66.85403,42.15099,48,3,2302,10399,509,87,329,24,98,217,205,88,73,4,132,131,132,8,170,244,128,0,,,,,,,,,,,,,,,,,
"CCS-2001",234804,17552,42.15099,-66.85403,0,07/08/2022 13:56:38,Argos,0,533,MC,,401677650.51,07/08/2022 14:05:22,1,5,3,-113,401677650.51,-66.85403,42.15099,-66.85403,42.15099,48,3,2302,10399,509,87,329,28,219,103,68,90,10,6,133,56,75,254,,,,,,,,,,,,,,,,,,,,,
"CCS-2001",234804,17552,42.12877,-67.05202,B,07/08/2022 14:55:36,Argos,0,18,NN,,401677603.94,07/08/2022 14:55:27,1,2,1,-119,401677603.94,-67.05202,42.12877,-67.05202,42.12877,8,3,12534,17622,8915,129,2023,176,255,89,203,2,129,56,6,132,3,200,80,4,87,172,56,128,32,184,113,136,9,51,211,2,248,2,28,211,0,0,
"CCS-2001",234804,17552,42.12877,-67.05202,B,07/08/2022 14:55:36,Argos,0,18,NN,,401677603.94,07/08/2022 14:55:46,1,2,1,-119,401677603.94,-67.05202,42.12877,-67.05202,42.12877,8,3,12534,17622,8915,129,2023,59,45,217,205,0,121,134,2,0,0,0,,,,,,,,,,,,,,,,,,,,,
"CCS-2001",234804,17552,42.02247,-67.04199,A,07/08/2022 15:39:17,Argos,0,76,MC,,401677658.74,07/08/2022 15:39:02,1,3,0,-124,401677658.74,-67.04199,42.02247,-67.04199,42.02247,8,3,11237,50117,2519,76,1992,181,47,185,202,125,129,234,0,129,213,8,56,4,213,40,139,209,132,9,163,90,72,202,43,236,243,113,15,147,91,56,
"CCS-2001",234804,17552,42.02247,-67.04199,A,07/08/2022 15:39:17,Argos,0,76,MC,,401677658.74,07/08/2022 15:39:33,1,3,0,-124,401677658.74,-67.04199,42.02247,-67.04199,42.02247,8,3,11237,50117,2519,76,1992,185,91,73,202,103,129,56,36,2,80,70,41,0,79,154,45,133,5,148,112,149,152,190,25,6,31,43,32,112,25,23,
"CCS-2001",234804,17552,42.02247,-67.04199,A,07/08/2022 15:39:17,Argos,0,76,MC,,401677658.74,07/08/2022 15:40:18,1,3,0,-124,401677658.74,-67.04199,42.02247,-67.04199,42.02247,8,3,11237,50117,2519,76,1992,49,161,249,204,176,70,129,10,0,0,0,,,,,,,,,,,,,,,,,,,,,
"CCS-2001",234804,17552,41.9782,-67.05631,B,07/08/2022 16:32:28,Argos,0,0,NN,,401677725.27,07/08/2022 16:32:29,1,1,0,-137,401677725.27,-67.05631,41.9782,-67.05631,41.9782,5,3,9638,16743,5548,81,3447,25,77,25,204,67,127,135,132,0,0,0,,,,,,,,,,,,,,,,,,,,,
"CCS-2001",234804,17552,42.05265,-66.64482,B,07/08/2022 21:33:01,Argos,0,0,NK,,401677781.43,07/08/2022 21:33:01,1,1,0,-135,401677781.43,-66.64482,42.05265,-66.64482,42.05265,8,3,13681,25304,7396,82,6920,73,115,25,202,240,54,132,6,8,1,0,,,,,,,,,,,,,,,,,,,,,
"CCS-2001",234804,17552,42.24516,-67.39083,B,07/08/2022 22:26:03,Argos,0,0,SR,,401677608.33,07/08/2022 22:26:03,1,1,1,-119,401677608.33,-67.39083,42.24516,-54.93165,39.86451,8,2,188,338,104,100,437,186,199,57,206,139,64,208,168,71,164,75,149,20,73,26,87,207,33,184,194,236,77,9,132,150,66,104,59,20,0,0,
"CCS-2001",234804,17552,42.24516,-67.39083,B,07/08/2022 22:26:03,Argos,0,0,SR,,401677608.33,07/08/2022 22:31:27,1,1,1,-119,401677608.33,-67.39083,42.24516,-54.93165,39.86451,8,2,188,338,104,100,437,51,145,169,202,160,86,129,80,118,129,196,,,,,,,,,,,,,,,,,,,,,
"CCS-2001",234804,17552,42.07785,-67.35302,B,07/08/2022 23:06:17,Argos,0,102,NP,,401677662.71,07/08/2022 23:05:27,1,2,0,-124,401677662.71,-67.35302,42.07785,-67.35302,42.07785,8,3,4222,38581,462,83,1748,25,246,57,202,98,120,30,25,65,131,0,,,,,,,,,,,,,,,,,,,,,
"CCS-2001",234804,17552,42.07785,-67.35302,B,07/08/2022 23:06:17,Argos,0,102,NP,,401677662.71,07/08/2022 23:07:09,1,2,0,-124,401677662.71,-67.35302,42.07785,-67.35302,42.07785,8,3,4222,38581,462,83,1748,59,207,137,202,85,130,4,0,64,3,0,,,,,,,,,,,,,,,,,,,,,
"CCS-2001",234804,17552,42.0679,-67.35079,B,07/08/2022 23:13:58,Argos,0,0,NK,,401677655.53,07/08/2022 23:13:59,1,1,0,-124,401677655.53,-67.35079,42.0679,-67.35079,42.0679,6,3,4940,15850,1539,84,2046,29,198,201,202,85,127,149,138,131,0,128,,,,,,,,,,,,,,,,,,,,,
"CCS-2001",234804,17552,42.09278,-67.33983,B,07/08/2022 23:30:32,Argos,0,0,A1,,401677600.29,07/08/2022 23:30:33,1,1,0,-131,401677600.29,-67.33983,42.09278,-67.33983,42.09278,6,3,6014,13766,2627,87,2490,182,197,169,205,89,129,158,58,133,34,11,113,212,28,146,90,142,162,185,34,160,105,8,3,23,67,72,75,32,0,0,
"CCS-2001",234804,17552,42.10593,-67.34409,B,07/08/2022 23:46:43,Argos,0,0,MC,,401677623.36,07/08/2022 23:46:44,1,1,0,-129,401677623.36,-67.34409,42.10593,-67.34409,42.10593,6,3,8229,12654,5351,102,3408,66,111,73,202,48,88,129,2,4,0,0,,,,,,,,,,,,,,,,,,,,,
"CCS-2001",234804,17552,42.0641,-67.33697,B,07/09/2022 00:05:03,Argos,0,0,SR,,401677645.69,07/09/2022 00:05:03,1,1,0,-131,401677645.69,-67.33697,42.0641,-67.33697,42.0641,6,3,7159,9450,5422,113,4192,216,43,9,205,76,192,199,246,19,95,49,16,127,82,1,255,81,35,240,34,22,255,34,31,242,16,95,112,18,24,255,
"CCS-2001",234804,17552,42.03761,-67.33086,B,07/09/2022 00:33:29,Argos,0,0,MB,,401677645.65,07/09/2022 00:33:29,1,1,0,-130,401677645.65,-67.33086,42.03761,-67.33086,42.03761,6,3,1680,2012,1402,106,4742,218,106,105,205,72,64,108,43,250,131,191,254,3,59,252,195,63,184,63,187,224,7,251,196,59,190,194,63,251,226,67,
"CCS-2001",234804,17552,42.04344,-67.29519,B,07/09/2022 00:48:58,Argos,0,0,NP,,401677689.06,07/09/2022 00:48:59,1,1,0,-137,401677689.06,-67.29519,42.04344,-67.29519,42.04344,6,3,2060,2931,1447,169,5818,185,193,73,205,44,129,158,8,196,83,10,224,70,43,16,127,2,49,69,163,20,17,135,228,153,64,140,72,36,2,0,
"CCS-2001",234804,17552,42.0919,-67.32503,B,07/09/2022 00:53:51,Argos,0,125,NK,,401677681.3,07/09/2022 00:52:49,1,2,0,-128,401677681.3,-67.32503,42.0919,-67.32503,42.0919,6,3,1343,9066,198,39,3784,69,218,25,209,32,54,132,4,8,0,0,,,,,,,,,,,,,,,,,,,,,
"CCS-2001",234804,17552,42.0919,-67.32503,B,07/09/2022 00:53:51,Argos,0,125,NK,,401677681.3,07/09/2022 00:54:54,1,2,0,-128,401677681.3,-67.32503,42.0919,-67.32503,42.0919,6,3,1343,9066,198,39,3784,18,92,233,209,39,116,14,19,31,34,30,12,0,0,0,,,,,,,,,,,,,,,,,
"CCS-2001",234804,17552,42.08956,-67.40778,A,07/09/2022 01:21:37,Argos,0,347,MC,,401677671.65,07/09/2022 01:21:37,1,3,1,-113,401677671.65,-67.40778,42.08956,-67.40778,42.08956,8,3,2259,12238,417,78,877,179,223,25,205,4,64,248,62,131,1,73,224,38,28,20,90,1,49,8,178,184,21,136,134,139,200,13,242,20,0,0,
"CCS-2001",234804,17552,42.08956,-67.40778,A,07/09/2022 01:21:37,Argos,0,347,MC,,401677671.65,07/09/2022 01:25:05,1,3,1,-113,401677671.65,-67.40778,42.08956,-67.40778,42.08956,8,3,2259,12238,417,78,877,182,96,89,204,247,1,26,48,138,213,140,64,6,47,156,49,78,37,7,68,240,2,98,33,4,128,19,12,8,0,0,
"CCS-2001",234804,17552,42.08956,-67.40778,A,07/09/2022 01:21:37,Argos,0,347,MC,,401677671.65,07/09/2022 01:27:24,1,3,1,-113,401677671.65,-67.40778,42.08956,-67.40778,42.08956,8,3,2259,12238,417,78,877,19,168,25,208,231,93,22,36,29,15,187,105,0,0,0,,,,,,,,,,,,,,,,,
"CCS-2001",234804,17552,42.09828,-67.44716,B,07/09/2022 02:20:36,Argos,0,0,NN,,401677656.29,07/09/2022 02:20:36,1,1,0,-122,401677656.29,-67.44716,42.09828,-67.44716,42.09828,8,2,4005,72135,222,92,2197,115,236,121,207,20,139,18,100,110,147,169,126,62,80,12,224,137,159,140,64,0,0,0,,,,,,,,,
"CCS-2001",234804,17552,42.09828,-67.44716,B,07/09/2022 02:20:36,Argos,0,0,NN,,401677656.29,07/09/2022 02:22:48,1,1,0,-122,401677656.29,-67.44716,42.09828,-67.44716,42.09828,8,2,4005,72135,222,92,2197,187,56,217,204,194,1,66,26,130,242,6,208,228,17,144,90,5,162,133,82,144,45,4,196,150,225,136,74,32,0,0,
"CCS-2001",234804,17552,42.0127,-67.70026,B,07/09/2022 08:10:36,Argos,0,0,SR,,401677621.49,07/09/2022 08:10:36,1,1,0,-140,401677621.49,-67.70026,42.0127,-67.70026,42.0127,8,3,10296,14470,7325,76,6921,69,64,125,205,0,71,129,6,4,0,1,,,,,,,,,,,,,,,,,,,,,
"CCS-2001",234804,17552,42.04983,-67.63013,B,07/09/2022 08:38:40,Argos,0,0,A1,,401677640.86,07/09/2022 08:38:40,1,1,0,-137,401677640.86,-67.63013,42.04983,-67.63013,42.04983,6,3,9588,68140,1349,66,27122,27,171,137,206,183,111,11,11,136,135,228,237,128,5,64,,,,,,,,,,,,,,,,,
"CCS-2001",234804,17552,42.0737,-67.6523,A,07/09/2022 09:42:35,Argos,0,421,SR,,401677668.86,07/09/2022 09:42:36,1,3,0,-120,401677668.86,-67.6523,42.0737,-67.6523,42.0737,6,3,506,11817,21,79,1400,19,108,57,206,34,126,130,24,192,0,0,,,,,,,,,,,,,,,,,,,,,
"CCS-2001",234804,17552,42.0737,-67.6523,A,07/09/2022 09:42:35,Argos,0,421,SR,,401677668.86,07/09/2022 09:46:22,1,3,0,-120,401677668.86,-67.6523,42.0737,-67.6523,42.0737,6,3,506,11817,21,79,1400,78,136,153,206,17,128,0,,,,,,,,,,,,,,,,,,,,,,,,,
"CCS-2001",234804,17552,42.0737,-67.6523,A,07/09/2022 09:42:35,Argos,0,421,SR,,401677668.86,07/09/2022 09:49:37,1,3,0,-120,401677668.86,-67.6523,42.0737,-67.6523,42.0737,6,3,506,11817,21,79,1400,26,202,57,206,18,119,128,152,192,0,0,,,,,,,,,,,,,,,,,,,,,
"CCS-2001",234804,17552,42.13414,-67.65979,B,07/09/2022 13:05:00,Argos,0,0,NK,,401677595.46,07/09/2022 13:05:00,1,1,0,-122,401677595.46,-67.65979,42.13414,-67.65979,42.13414,8,2,1804,2924,1112,106,5092,186,16,9,208,35,96,223,143,131,69,253,137,123,71,168,195,142,201,9,194,252,220,196,212,148,147,214,94,162,33,68,
"CCS-2001",234804,17552,42.01377,-67.38939,A,07/09/2022 13:05:15,Argos,0,96,NP,,401677610.63,07/09/2022 13:05:00,1,3,2,-117,401677610.63,-67.38939,42.01377,-67.38939,42.01377,6,3,3168,44872,223,92,1827,186,16,9,208,171,66,110,44,236,95,65,9,225,242,236,209,79,139,35,76,114,242,203,64,76,159,128,138,2,244,243,
"CCS-2001",234804,17552,42.01377,-67.38939,A,07/09/2022 13:05:15,Argos,0,96,NP,,401677610.63,07/09/2022 13:05:31,1,3,2,-117,401677610.63,-67.38939,42.01377,-67.38939,42.01377,6,3,3168,44872,223,92,1827,153,95,177,217,211,15,49,154,37,209,199,128,64,12,36,,,,,,,,,,,,,,,,,
"CCS-2001",234804,17552,42.01377,-67.38939,A,07/09/2022 13:05:15,Argos,0,96,NP,,401677610.63,07/09/2022 13:06:37,1,3,2,-117,401677610.63,-67.38939,42.01377,-67.38939,42.01377,6,3,3168,44872,223,92,1827,51,211,169,204,208,87,130,2,0,0,0,,,,,,,,,,,,,,,,,,,,,
"CCS-2001",234804,17552,42.13414,-67.65979,B,07/09/2022 13:05:00,Argos,0,0,NK,,401677595.46,07/09/2022 13:06:37,1,1,0,-122,401677595.46,-67.65979,42.13414,-67.65979,42.13414,8,2,1804,2924,1112,106,5092,51,211,169,204,208,87,130,2,0,0,0,,,,,,,,,,,,,,,,,,,,,
"CCS-2001",234804,17552,42.02119,-67.41364,B,07/09/2022 13:39:05,Argos,0,32,MC,,401677572.63,07/09/2022 13:39:05,1,2,0,-125,401677572.63,-67.41364,42.02119,-67.41364,42.02119,8,3,4814,10173,2277,88,2784,74,106,57,204,144,72,131,6,4,16,0,,,,,,,,,,,,,,,,,,,,,
"CCS-2001",234804,17552,42.02119,-67.41364,B,07/09/2022 13:39:05,Argos,0,32,MC,,401677572.63,07/09/2022 13:39:38,1,2,0,-125,401677572.63,-67.41364,42.02119,-67.41364,42.02119,8,3,4814,10173,2277,88,2784,187,97,121,208,0,0,252,24,129,209,7,160,196,40,14,76,133,160,140,66,76,168,147,174,126,224,6,19,10,176,42,
"CCS-2001",234804,17552,42.03432,-67.58676,A,07/09/2022 14:26:22,Argos,0,378,MB,,401677612.35,07/09/2022 14:26:23,1,3,0,-126,401677612.35,-67.58676,42.03432,-67.58676,42.03432,6,3,4273,82320,221,97,1454,185,181,233,206,232,1,34,180,67,18,197,177,0,194,233,27,193,40,61,24,131,9,65,24,67,216,74,11,66,0,0,
"CCS-2001",234804,17552,42.03432,-67.58676,A,07/09/2022 14:26:22,Argos,0,378,MB,,401677612.35,07/09/2022 14:27:15,1,3,0,-126,401677612.35,-67.58676,42.03432,-67.58676,42.03432,6,3,4273,82320,221,97,1454,67,140,201,204,48,53,133,4,0,0,0,,,,,,,,,,,,,,,,,,,,,
"CCS-2001",234804,17552,42.03432,-67.58676,A,07/09/2022 14:26:22,Argos,0,378,MB,,401677612.35,07/09/2022 14:32:41,1,3,0,-126,401677612.35,-67.58676,42.03432,-67.58676,42.03432,6,3,4273,82320,221,97,1454,55,16,169,204,51,135,6,4,0,0,0,,,,,,,,,,,,,,,,,,,,,
"CCS-2001",234804,17552,42.09666,-67.52278,B,07/09/2022 15:22:07,Argos,0,17,MC,,401677614.64,07/09/2022 15:21:58,1,2,0,-125,401677614.64,-67.52278,42.09666,-67.52278,42.09666,8,2,6907,17041,2799,105,2675,74,97,121,210,208,56,129,28,181,208,2,,,,,,,,,,,,,,,,,,,,,
"CCS-2001",234804,17552,42.09666,-67.52278,B,07/09/2022 15:22:07,Argos,0,17,MC,,401677614.64,07/09/2022 15:22:16,1,2,0,-125,401677614.64,-67.52278,42.09666,-67.52278,42.09666,8,2,6907,17041,2799,105,2675,4,1,210,244,204,114,201,50,167,179,80,142,181,12,106,124,141,179,26,197,195,235,200,183,207,25,114,,,,,
"CCS-2001",234804,17552,42.11954,-67.59476,B,07/09/2022 16:06:13,Argos,0,0,MB,,401677661.25,07/09/2022 16:06:14,1,1,0,-133,401677661.25,-67.59476,42.11954,-67.59476,42.11954,5,3,7499,12535,4486,105,3556,117,221,89,208,69,114,64,6,36,59,232,102,22,106,173,10,101,161,19,,,,,,,,,,,,,
"CCS-2001",234804,17552,42.11683,-67.59167,B,07/09/2022 16:19:40,Argos,0,0,NN,,401677667.41,07/09/2022 16:19:41,1,1,0,-133,401677667.41,-67.59167,42.11683,-67.59167,42.11683,6,3,21036,67397,6565,115,6805,218,111,25,205,60,200,199,16,255,242,18,18,15,255,18,49,47,241,18,19,255,17,2,20,255,17,18,47,245,17,21,
"CCS-2001",234804,17552,42.14355,-67.53123,B,07/09/2022 21:58:47,Argos,0,18,SR,,401677648.08,07/09/2022 21:58:38,1,2,0,-129,401677648.08,-67.53123,42.14355,-67.53123,42.14355,8,3,4687,15685,1400,70,4635,127,245,217,207,36,99,80,78,100,151,181,138,139,190,250,61,9,159,204,128,0,0,0,,,,,,,,,
"CCS-2001",234804,17552,42.14355,-67.53123,B,07/09/2022 21:58:47,Argos,0,18,SR,,401677648.08,07/09/2022 21:58:57,1,2,0,-129,401677648.08,-67.53123,42.14355,-67.53123,42.14355,8,3,4687,15685,1400,70,4635,181,249,9,204,183,0,180,62,86,33,50,172,49,6,3,144,161,136,39,36,109,12,64,193,132,232,106,11,73,0,0,
"CCS-2001",234804,17552,42.12386,-67.41766,A,07/09/2022 23:13:58,Argos,0,0,A1,,401677642.14,07/09/2022 23:13:58,1,1,0,-128,401677642.14,-67.41766,42.12386,-67.41766,42.12386,8,3,1294,5339,313,53,866,29,106,89,208,215,125,46,150,8,143,66,112,119,70,96,,,,,,,,,,,,,,,,,
"CCS-2001",234804,17552,42.12386,-67.41766,A,07/09/2022 23:13:58,Argos,0,0,A1,,401677642.14,07/09/2022 23:14:36,1,1,0,-128,401677642.14,-67.41766,42.12386,-67.41766,42.12386,8,3,1294,5339,313,53,866,55,34,201,208,192,104,130,8,0,0,0,,,,,,,,,,,,,,,,,,,,,
"CCS-2001",234804,17552,42.12386,-67.41766,A,07/09/2022 23:13:58,Argos,0,0,A1,,401677642.14,07/09/2022 23:14:59,1,1,0,-128,401677642.14,-67.41766,42.12386,-67.41766,42.12386,8,3,1294,5339,313,53,866,20,246,57,208,200,113,12,139,135,6,12,167,55,0,0,,,,,,,,,,,,,,,,,
"CCS-2001",234804,17552,42.13433,-67.41949,B,07/09/2022 23:37:33,Argos,0,0,SR,,401677640.66,07/09/2022 23:37:34,1,1,0,-129,401677640.66,-67.41949,42.13433,-67.41949,42.13433,6,3,3734,5418,2573,78,2019,187,150,249,204,91,192,182,32,1,150,198,1,192,93,48,51,135,2,189,146,28,64,7,43,14,130,64,119,104,0,0,
"CCS-2001",234804,17552,42.15008,-67.40789,1,07/10/2022 00:27:38,Argos,0,332,NK,,401677666.53,07/10/2022 00:25:47,1,4,0,-128,401677666.53,-67.40789,42.15008,-67.40789,42.15008,55,3,842,2183,325,54,435,211,25,73,211,104,0,76,87,229,8,81,251,183,119,92,70,54,72,3,191,187,184,71,176,187,184,71,187,184,65,211,
"CCS-2001",234804,17552,42.15008,-67.40789,1,07/10/2022 00:27:38,Argos,0,332,NK,,401677666.53,07/10/2022 00:26:11,1,4,0,-128,401677666.53,-67.40789,42.15008,-67.40789,42.15008,55,3,842,2183,325,54,435,184,32,41,211,94,65,54,62,133,4,135,200,38,66,174,162,163,200,94,60,104,24,67,2,135,192,11,40,84,0,0,
"CCS-2001",234804,17552,42.15008,-67.40789,1,07/10/2022 00:27:38,Argos,0,332,NK,,401677666.53,07/10/2022 00:27:17,1,4,0,-128,401677666.53,-67.40789,42.15008,-67.40789,42.15008,55,3,842,2183,325,54,435,213,219,153,211,92,218,203,51,69,245,67,51,63,227,51,51,47,241,17,17,16,100,255,206,13,240,222,227,142,243,171,
"CCS-2001",234804,17552,42.15008,-67.40789,1,07/10/2022 00:27:38,Argos,0,332,NK,,401677666.53,07/10/2022 00:31:19,1,4,0,-128,401677666.53,-67.40789,42.15008,-67.40789,42.15008,55,3,842,2183,325,54,435,23,31,201,208,134,124,31,162,141,5,144,,,,,,,,,,,,,,,,,,,,,
"CCS-2001",234804,17552,42.14544,-67.43126,0,07/10/2022 00:32:47,Argos,0,316,NP,,401677670.54,07/10/2022 00:32:48,1,4,0,-121,401677670.54,-67.43126,42.14544,-67.43126,42.14544,45,3,1979,6672,587,65,406,50,212,217,208,116,128,2,0,8,0,0,,,,,,,,,,,,,,,,,,,,,
"CCS-2001",234804,17552,42.14544,-67.43126,0,07/10/2022 00:32:47,Argos,0,316,NP,,401677670.54,07/10/2022 00:35:22,1,4,0,-121,401677670.54,-67.43126,42.14544,-67.43126,42.14544,45,3,1979,6672,587,65,406,119,212,185,211,6,222,150,129,134,196,31,241,144,135,10,185,231,62,4,26,90,172,0,,,,,,,,,
"CCS-2001",234804,17552,42.14544,-67.43126,0,07/10/2022 00:32:47,Argos,0,316,NP,,401677670.54,07/10/2022 00:37:49,1,4,0,-121,401677670.54,-67.43126,42.14544,-67.43126,42.14544,45,3,1979,6672,587,65,406,176,144,217,211,82,65,186,56,131,17,212,28,121,4,67,42,88,19,16,8,59,68,88,124,64,206,62,131,19,0,0,
"CCS-2001",234804,17552,42.14544,-67.43126,0,07/10/2022 00:32:47,Argos,0,316,NP,,401677670.54,07/10/2022 00:38:04,1,4,0,-121,401677670.54,-67.43126,42.14544,-67.43126,42.14544,45,3,1979,6672,587,65,406,165,245,125,110,240,96,185,179,100,114,208,140,234,143,235,7,217,33,62,190,37,6,44,199,180,1,231,92,142,79,223,
"CCS-2001",234804,17552,42.14871,-67.42797,B,07/10/2022 01:01:28,Argos,0,0,MC,,401677668.37,07/10/2022 01:01:28,1,1,1,-117,401677668.37,-67.42797,42.14871,-67.42797,42.14871,6,3,7537,11029,5150,88,2044,29,57,169,208,50,127,138,153,64,2,0,,,,,,,,,,,,,,,,,,,,,
"CCS-2001",234804,17552,42.17342,-67.40307,A,07/10/2022 01:49:23,Argos,0,286,MB,,401677662.38,07/10/2022 01:49:24,1,2,0,-124,401677662.38,-67.40307,42.17342,-67.40307,42.17342,8,3,520,5279,51,65,954,214,136,249,210,172,238,202,255,255,255,255,255,255,255,191,235,24,158,191,254,190,137,171,238,234,173,202,187,235,91,187,
"CCS-2001",234804,17552,42.17342,-67.40307,A,07/10/2022 01:49:23,Argos,0,286,MB,,401677662.38,07/10/2022 01:54:10,1,2,0,-124,401677662.38,-67.40307,42.17342,-67.40307,42.17342,8,3,520,5279,51,65,954,75,136,25,206,240,72,133,6,0,8,0,,,,,,,,,,,,,,,,,,,,,
"CCS-2001",234804,17552,42.17342,-67.40307,A,07/10/2022 01:49:23,Argos,0,286,MB,,401677662.38,07/10/2022 01:56:41,1,2,0,-124,401677662.38,-67.40307,42.17342,-67.40307,42.17342,8,3,520,5279,51,65,954,4,1,212,29,100,23,49,50,135,166,48,5,0,216,71,253,72,0,2,129,47,128,228,121,0,0,0,,,,,
"CCS-2001",234804,17552,42.16027,-67.40162,A,07/10/2022 02:07:15,Argos,0,263,NN,,401677665.15,07/10/2022 02:07:05,1,3,0,-123,401677665.15,-67.40162,42.16027,-67.40162,42.16027,6,3,547,7584,39,78,1462,23,12,121,206,231,119,18,150,7,4,7,2,0,0,0,,,,,,,,,,,,,,,,,
"CCS-2001",234804,17552,42.16027,-67.40162,A,07/10/2022 02:07:15,Argos,0,263,NN,,401677665.15,07/10/2022 02:07:26,1,3,0,-123,401677665.15,-67.40162,42.16027,-67.40162,42.16027,6,3,547,7584,39,78,1462,73,111,185,206,208,57,129,0,12,0,16,64,0,0,87,,,,,,,,,,,,,,,,,
"CCS-2001",234804,17552,42.16027,-67.40162,A,07/10/2022 02:07:15,Argos,0,263,NN,,401677665.15,07/10/2022 02:11:28,1,3,0,-123,401677665.15,-67.40162,42.16027,-67.40162,42.16027,6,3,547,7584,39,78,1462,112,142,9,210,20,44,145,229,70,239,162,77,141,39,240,43,201,163,224,,,,,,,,,,,,,
"CCS-2001",234804,17552,42.16341,-67.27493,B,07/10/2022 09:14:42,Argos,0,0,SR,,401677636.11,07/10/2022 09:14:43,1,1,0,-126,401677636.11,-67.27493,42.16341,-67.27493,42.16341,8,2,2407,6733,860,84,6338,117,221,89,208,69,114,80,6,36,59,232,102,22,106,173,10,101,161,19,,,,,,,,,,,,,
"CCS-2001",234804,17552,42.12087,-67.45838,B,07/10/2022 09:53:04,Argos,0,0,A1,,401677684.23,07/10/2022 09:53:04,1,1,0,-135,401677684.23,-67.45838,42.12087,-67.45838,42.12087,5,3,2622,6587,1043,76,7412,67,27,144,248,219,156,33,,,,,,,,,,,,,,,,,,,,,,,,,
"CCS-2001",234804,17552,42.07767,-67.59803,A,07/10/2022 10:58:06,Argos,0,17,NK,,401677657.98,07/10/2022 10:57:58,1,2,0,-135,401677657.98,-67.59803,42.07767,-67.59803,42.07767,8,2,6523,55114,772,126,2598,180,192,57,211,69,128,231,28,132,86,14,193,244,27,34,34,99,96,60,137,125,117,168,48,44,237,30,65,113,128,0,
"CCS-2001",234804,17552,42.07767,-67.59803,A,07/10/2022 10:58:06,Argos,0,17,NK,,401677657.98,07/10/2022 10:58:16,1,2,0,-135,401677657.98,-67.59803,42.07767,-67.59803,42.07767,8,2,6523,55114,772,126,2598,212,31,105,211,76,224,205,252,246,33,121,239,239,255,255,54,127,242,33,17,31,241,17,17,19,254,34,34,35,255,35,
"CCS-2001",234804,17552,42.06088,-67.67267,B,07/10/2022 10:58:15,Argos,0,0,SR,,401677674.87,07/10/2022 10:58:16,1,1,0,-133,401677674.87,-67.67267,42.06088,-67.67267,42.06088,6,3,10229,34348,3045,81,5705,212,31,105,211,76,224,205,252,246,33,121,239,239,255,255,54,127,242,33,17,31,241,17,17,19,254,34,34,35,255,35,
"CCS-2001",234804,17552,42.07767,-67.59803,A,07/10/2022 10:58:06,Argos,0,17,NK,,401677657.98,07/10/2022 11:01:23,1,2,0,-135,401677657.98,-67.59803,42.07767,-67.59803,42.07767,8,2,6523,55114,772,126,2598,215,72,147,118,159,162,240,177,103,72,174,107,44,37,26,60,111,40,70,129,240,49,112,85,21,107,202,29,162,74,72,
"CCS-2001",234804,17552,42.26865,-67.76908,B,07/10/2022 13:22:23,Argos,0,71,MC,,401677613.46,07/10/2022 13:21:47,1,2,0,-127,401677613.46,-67.76908,42.26865,-67.76908,42.26865,8,3,8120,60718,1085,90,4591,211,19,233,243,8,3,136,80,72,72,68,132,143,126,92,141,4,104,132,177,221,12,140,101,75,122,33,99,59,185,132,
"CCS-2001",234804,17552,42.26865,-67.76908,B,07/10/2022 13:22:23,Argos,0,71,MC,,401677613.46,07/10/2022 13:22:59,1,2,0,-127,401677613.46,-67.76908,42.26865,-67.76908,42.26865,8,3,8120,60718,1085,90,4591,66,181,25,209,80,71,130,8,8,0,0,,,,,,,,,,,,,,,,,,,,,
"CCS-2001",234804,17552,42.28158,-67.86574,B,07/10/2022 14:35:42,Argos,0,0,NN,,401677596.02,07/10/2022 14:35:42,1,1,0,-137,401677596.02,-67.86574,42.28158,-67.86574,42.28158,8,3,10047,28411,3553,90,5726,191,3,89,210,218,129,132,60,133,17,12,81,196,46,212,104,13,160,176,66,136,101,8,195,147,235,8,61,224,17,64,
"CCS-2001",234804,17552,42.30156,-67.801,B,07/10/2022 16:08:39,Argos,0,19,NN,,401677593.93,07/10/2022 16:08:29,1,2,0,-132,401677593.93,-67.801,42.30156,-67.801,42.30156,8,3,6762,17077,2677,112,5188,20,246,57,208,200,113,12,139,135,6,12,167,55,0,0,,,,,,,,,,,,,,,,,
"CCS-2001",234804,17552,42.30156,-67.801,B,07/10/2022 16:08:39,Argos,0,19,NN,,401677593.93,07/10/2022 16:08:49,1,2,0,-132,401677593.93,-67.801,42.30156,-67.801,42.30156,8,3,6762,17077,2677,112,5188,75,148,249,208,176,55,131,0,8,24,0,,,,,,,,,,,,,,,,,,,,,
"CCS-2001",234804,17552,42.20932,-67.826,B,07/10/2022 21:24:14,Argos,0,0,SR,,401677687.5,07/10/2022 21:24:14,1,1,0,-137,401677687.5,-67.826,42.20932,-67.826,42.20932,7,3,4668,8324,2617,82,7261,16,225,41,208,34,120,0,152,192,0,0,,,,,,,,,,,,,,,,,,,,,
"CCS-2001",234804,17552,42.13403,-67.43285,A,07/10/2022 22:40:53,Argos,0,418,NP,,401677681.39,07/10/2022 22:37:53,1,3,0,-135,401677681.39,-67.43285,42.13403,-67.43285,42.13403,8,3,2155,7860,590,148,951,179,98,209,210,114,0,208,44,3,17,70,177,33,62,121,123,251,20,153,104,15,195,129,115,149,42,233,81,8,145,0,
"CCS-2001",234804,17552,42.13403,-67.43285,A,07/10/2022 22:40:53,Argos,0,418,NP,,401677681.39,07/10/2022 22:43:54,1,3,0,-135,401677681.39,-67.43285,42.13403,-67.43285,42.13403,8,3,2155,7860,590,148,951,186,176,121,207,119,0,12,3,10,221,253,122,67,217,144,11,229,227,40,191,50,57,52,60,106,31,77,87,56,167,241,
"CCS-2001",234804,17552,42.13403,-67.43285,A,07/10/2022 22:40:53,Argos,0,418,NP,,401677681.39,07/10/2022 22:44:51,1,3,0,-135,401677681.39,-67.43285,42.13403,-67.43285,42.13403,8,3,2155,7860,590,148,951,20,252,41,207,7,116,137,9,135,8,47,130,128,16,6,,,,,,,,,,,,,,,,,
"CCS-2001",234804,17552,42.11627,-67.43951,A,07/10/2022 22:57:32,Argos,0,55,A1,,401677684.15,07/10/2022 22:57:06,1,3,0,-125,401677684.15,-67.43951,42.11627,-67.43951,42.11627,6,3,1538,16127,146,103,1135,180,96,9,207,98,65,46,22,131,1,201,224,164,26,6,86,133,33,28,82,204,37,9,67,25,183,61,250,160,53,244,
"CCS-2001",234804,17552,42.11627,-67.43951,A,07/10/2022 22:57:32,Argos,0,55,A1,,401677684.15,07/10/2022 22:57:29,1,3,0,-125,401677684.15,-67.43951,42.11627,-67.43951,42.11627,6,3,1538,16127,146,103,1135,190,64,233,207,88,1,66,16,132,97,136,240,116,39,136,83,4,32,220,98,240,37,6,99,200,74,192,41,104,13,128,
"CCS-2001",234804,17552,42.11627,-67.43951,A,07/10/2022 22:57:32,Argos,0,55,A1,,401677684.15,07/10/2022 22:58:02,1,3,0,-125,401677684.15,-67.43951,42.11627,-67.43951,42.11627,6,3,1538,16127,146,103,1135,188,131,41,207,77,65,60,14,130,49,202,176,116,25,140,60,131,162,209,34,100,33,7,129,148,225,8,55,28,0,0,
"CCS-2001",234804,17552,42.14231,-67.51253,A,07/10/2022 23:07:02,Argos,0,351,SR,,401677667.58,07/10/2022 23:03:14,1,3,0,-125,401677667.58,-67.51253,42.14231,-67.51253,42.14231,6,3,1306,2510,679,52,938,73,111,185,206,208,57,129,0,12,0,16,64,0,0,0,,,,,,,,,,,,,,,,,
"CCS-2001",234804,17552,42.14231,-67.51253,A,07/10/2022 23:07:02,Argos,0,351,SR,,401677667.58,07/10/2022 23:08:48,1,3,0,-125,401677667.58,-67.51253,42.14231,-67.51253,42.14231,6,3,1306,2510,679,52,938,48,207,217,206,208,87,129,12,0,0,0,,,,,,,,,,,,,,,,,,,,,
"CCS-2001",234804,17552,42.14231,-67.51253,A,07/10/2022 23:07:02,Argos,0,351,SR,,401677667.58,07/10/2022 23:09:05,1,3,0,-125,401677667.58,-67.51253,42.14231,-67.51253,42.14231,6,3,1306,2510,679,52,938,27,209,25,206,215,117,139,140,135,135,162,108,128,0,0,,,,,,,,,,,,,,,,,
"CCS-2001",234804,17552,42.12919,-67.44581,B,07/11/2022 00:39:05,Argos,0,142,MC,,401677661.28,07/11/2022 00:39:05,1,2,0,-120,401677661.28,-67.44581,42.12919,-67.44581,42.12919,8,3,4343,63302,297,67,2662,25,139,153,213,102,125,32,8,4,4,6,,,,,,,,,,,,,,,,,,,,,
"CCS-2001",234804,17552,42.12919,-67.44581,B,07/11/2022 00:39:05,Argos,0,142,MC,,401677661.28,07/11/2022 00:41:27,1,2,0,-120,401677661.28,-67.44581,42.12919,-67.44581,42.12919,8,3,4343,63302,297,67,2662,67,161,41,213,80,54,132,8,4,0,0,,,,,,,,,,,,,,,,,,,,,
"CCS-2001",234804,17552,42.12784,-67.41109,B,07/11/2022 01:28:46,Argos,0,0,MB,,401677677.58,07/11/2022 01:28:46,1,1,0,-130,401677677.58,-67.41109,42.12784,-67.41109,42.12784,7,3,4855,12208,1930,71,3645,70,164,89,213,0,88,129,2,8,0,0,,,,,,,,,,,,,,,,,,,,,
"CCS-2001",234804,17552,42.12119,-67.51372,A,07/11/2022 02:18:52,Argos,0,441,MC,,401677662.65,07/11/2022 02:18:52,1,3,0,-121,401677662.65,-67.51372,42.12119,-67.51372,42.12119,8,2,371,669,205,88,293,221,52,153,211,44,194,209,38,255,36,143,255,255,98,143,17,79,242,68,79,255,255,96,69,255,255,255,17,17,63,225,
"CCS-2001",234804,17552,42.12119,-67.51372,A,07/11/2022 02:18:52,Argos,0,441,MC,,401677662.65,07/11/2022 02:22:33,1,3,0,-121,401677662.65,-67.51372,42.12119,-67.51372,42.12119,8,2,371,669,205,88,293,186,127,121,211,32,128,181,16,131,228,199,200,180,100,162,53,75,32,85,50,94,21,132,136,150,72,136,180,76,0,0,
"CCS-2001",234804,17552,42.12119,-67.51372,A,07/11/2022 02:18:52,Argos,0,441,MC,,401677662.65,07/11/2022 02:26:13,1,3,0,-121,401677662.65,-67.51372,42.12119,-67.51372,42.12119,8,2,371,669,205,88,293,28,37,185,212,199,125,14,143,132,129,6,31,0,0,0,,,,,,,,,,,,,,,,,
"CCS-2001",234804,17552,,,,,,,0,SR,,401650000,08/03/2022 00:27:09,1,1,0,-130,401650000,,,,,,,,,,,,174,191,125,32,179,96,208,221,176,152,46,,,,,,,,,,,,,,,,,,,,,
