DeployID,Ptt,Instr,RecordType,MsgCount,Duplicates,Corrupt,AvgInterval,MinInterval,Date,Satellite,LocationQuality,Latitude,Longitude,Latitude2,Longitude2,IQ,Duration,Frequency,Power
CCS-2407,243067,Mk10,DS,1,0,1,,,22:07:31 16-Sep-2024,CS,,,,,,,,401650000,-127
CCS-2407,243067,Mk10,DS,2,0,1,322,322,22:58:20 16-Sep-2024,SR,,,,,,,,401650000,-125
CCS-2407,243067,Mk10,DS,1,0,0,,,03:32:35 17-Sep-2024,NP,,,,,,,,401650000,-132
CCS-2407,243067,Mk10,DS,2,0,0,22,22,03:32:35 17-Sep-2024,MC,,,,,,,,401650000,-121
CCS-2407,243067,Mk10,DS,1,0,0,,,04:47:08 17-Sep-2024,O3,,,,,,,,401650000,-122
CCS-2407,243067,Mk10,DS,2,0,1,23,23,08:30:26 17-Sep-2024,CS,,,,,,,,401650000,-133
CCS-2407,243067,Mk10,DS,1,0,1,,,08:38:25 17-Sep-2024,SR,,,,,,,,401650000,-129
CCS-2407,243067,Mk10,DS,1,0,0,,,13:24:48 17-Sep-2024,NK,,,,,,,,401650000,-129
CCS-2407,243067,Mk10,DS,1,0,0,,,14:10:13 17-Sep-2024,NP,,,,,,,,401650000,-121
CCS-2407,243067,Mk10,DS,1,0,0,,,14:10:13 17-Sep-2024,MC,,,,,,,,401650000,-121
CCS-2407,243067,Mk10,DS,1,0,1,,,14:53:54 17-Sep-2024,MB,,,,,,,,401650000,-134
CCS-2407,243067,Mk10,DS,1,0,0,,,15:44:02 17-Sep-2024,MC,,,,,,,,401650000,-124
CCS-2407,243067,Mk10,DS,1,0,0,,,15:44:02 17-Sep-2024,NP,,,,,,,,401650000,-138
CCS-2407,243067,Mk10,DS,1,0,0,,,18:34:45 17-Sep-2024,O3,,,,,,,,401650000,-129
CCS-2407,243067,Mk10,DS,1,0,0,,,21:18:28 17-Sep-2024,CS,,,,,,,,401650000,-126
CCS-2407,243067,Mk10,DS,1,0,0,,,22:27:23 17-Sep-2024,SR,,,,,,,,401650000,-121
CCS-2407,243067,Mk10,DS,1,0,0,,,23:02:31 17-Sep-2024,CS,,,,,,,,401650000,-128
CCS-2407,243067,Mk10,DS,4,0,2,134,42,23:05:09 17-Sep-2024,NK,2,42.1342,-69.9258,44.0145,-60.1115,58,,401677760,-123
CCS-2407,243067,Mk10,DS,1,0,1,,,23:09:13 17-Sep-2024,A1,,,,,,,,401650000,-123
CCS-2407,243067,Mk10,DS,7,0,5,46,15,23:51:11 17-Sep-2024,MC,2,42.1454,-69.9363,42.1454,-69.9363,58,,401677762,-123
CCS-2407,243067,Mk10,DS,1,0,1,,,23:52:53 17-Sep-2024,NP,B,42.1455,-69.9364,42.1455,-69.9364,6,,401677761,-139
CCS-2407,243067,Mk10,DS,1,0,0,,,11:09:57 18-Sep-2024,CS,B,42.1278,-69.9301,42.1278,-69.9301,8,,401677768,-135
CCS-2407,243067,Mk10,DS,2,0,1,149,149,13:59:16 18-Sep-2024,NP,B,42.1879,-69.8867,42.1879,-69.8867,8,,401677771,-130
CCS-2407,243067,Mk10,DS,1,0,0,,,15:29:25 18-Sep-2024,MC,B,42.2131,-69.9086,42.2131,-69.9086,8,,401677756,-121
CCS-2407,243067,Mk10,DS,1,0,0,,,16:08:58 18-Sep-2024,O3,B,42.2188,-69.9238,42.2188,-69.9238,7,,401677765,-127
CCS-2407,243067,Mk10,DS,1,0,1,,,17:03:44 18-Sep-2024,MC,B,42.2336,-69.9437,42.2336,-69.9437,7,,401677784,-133
CCS-2407,243067,Mk10,DS,2,0,1,15,15,17:50:08 18-Sep-2024,O3,B,42.3334,-70.0416,42.3334,-70.0416,8,,401677765,-123
CCS-2407,243067,Mk10,DS,1,0,0,,,10:51:06 19-Sep-2024,A1,B,42.0808,-70.1727,42.0808,-70.1727,,,401677735,-117
CCS-2407,243067,Mk10,DS,1,0,1,,,10:51:06 19-Sep-2024,NK,B,42.0502,-70.1837,42.0502,-70.1837,,,401677811,-137
CCS-2407,243067,Mk10,DS,2,0,1,57,57,10:57:05 19-Sep-2024,SR,B,42.0144,-69.8394,42.0144,-69.8394,6,,401677745,-121
CCS-2407,243067,Mk10,DS,1,0,1,,,12:06:03 19-Sep-2024,CS,B,42.0486,-69.9350,42.0486,-69.9350,7,,401677763,-140
CCS-2407,243067,Mk10,DS,2,0,1,60,60,13:49:12 19-Sep-2024,NP,B,42.1318,-69.9868,42.1318,-69.9868,8,,401677756,-120
CCS-2407,243067,Mk10,DS,2,0,1,337,337,14:13:42 19-Sep-2024,MB,B,42.0655,-69.8517,42.0655,-69.8517,6,,401677746,-129
CCS-2407,243067,Mk10,DS,1,0,0,,,14:13:42 19-Sep-2024,NK,B,41.9672,-69.7490,41.9672,-69.7490,,,401677748,-135
CCS-2407,243067,Mk10,DS,1,0,0,,,14:30:59 19-Sep-2024,NN,B,41.9660,-69.7437,41.9660,-69.7437,6,,401677748,-137
CCS-2407,243067,Mk10,DS,2,0,2,49,49,16:13:07 19-Sep-2024,NN,B,42.0132,-69.9051,42.0132,-69.9051,8,,401677728,-126
CCS-2407,243067,Mk10,DS,2,0,1,94,94,17:01:38 19-Sep-2024,O3,B,41.9631,-69.8810,41.9631,-69.8810,6,,401677750,-120
CCS-2407,243067,Mk10,DS,2,0,2,167,167,18:39:12 19-Sep-2024,O3,B,41.9638,-69.7852,41.9638,-69.7852,7,,401677778,-134
CCS-2407,243067,Mk10,DS,1,0,1,,,20:04:08 19-Sep-2024,CS,B,41.9444,-69.7947,41.9444,-69.7947,8,,401677727,-133
CCS-2407,243067,Mk10,DS,2,0,2,324,324,21:30:45 19-Sep-2024,SR,B,41.9059,-69.7720,41.9059,-69.7720,6,,401677772,-129
CCS-2407,243067,Mk10,DS,5,0,2,86,21,21:39:17 19-Sep-2024,CS,1,41.8463,-69.7980,41.8463,-69.7980,46,,401677742,-119
CCS-2407,243067,Mk10,DS,1,0,1,,,23:05:46 19-Sep-2024,SR,B,41.8272,-69.8094,41.8272,-69.8094,8,,401677750,-120
CCS-2407,243067,Mk10,DS,2,0,2,110,110,23:17:19 19-Sep-2024,CS,B,41.8377,-69.7905,41.8377,-69.7905,6,,401677767,-130
CCS-2407,243067,Mk10,DS,1,0,1,,,23:31:53 19-Sep-2024,NP,B,41.8375,-69.7906,41.8375,-69.7906,6,,401677772,-130
CCS-2407,243067,Mk10,DS,8,0,2,60,15,23:47:07 19-Sep-2024,A1,3,41.8618,-69.8169,41.8618,-69.8169,56,,401677761,-122
CCS-2407,243067,Mk10,DS,1,0,1,,,23:51:42 19-Sep-2024,MB,B,41.8611,-69.8174,41.8611,-69.8174,6,,401677758,-130
CCS-2407,243067,Mk10,DS,1,0,1,,,00:55:23 20-Sep-2024,MC,B,41.8517,-69.8273,41.8517,-69.8273,8,,401677763,-130
CCS-2407,243067,Mk10,DS,1,0,0,,,02:24:27 20-Sep-2024,MC,B,41.8428,-69.8350,41.8428,-69.8350,8,,401677769,-132
CCS-2407,243067,Mk10,DS,3,0,2,166,15,03:38:36 20-Sep-2024,NN,A,41.9069,-69.7721,41.9069,-69.7721,8,,401677774,-125
CCS-2407,243067,Mk10,DS,3,0,1,197,31,04:09:24 20-Sep-2024,O3,A,41.9324,-69.8214,41.9324,-69.8214,8,,401677759,-116
CCS-2407,243067,Mk10,DS,1,0,1,,,08:40:40 20-Sep-2024,SR,B,42.0111,-69.9269,42.0111,-69.9269,8,,401677745,-136
CCS-2407,243067,Mk10,DS,8,0,4,80,25,09:46:04 20-Sep-2024,CS,0,41.9110,-69.8715,41.9110,-69.8715,48,,401677757,-125
CCS-2407,243067,Mk10,DS,1,0,1,,,10:26:56 20-Sep-2024,SR,B,41.9010,-69.8741,41.9010,-69.8741,8,,401677749,-133
CCS-2407,243067,Mk10,DS,3,0,1,41,25,11:27:02 20-Sep-2024,CS,A,41.9361,-69.8545,41.9361,-69.8545,7,,401677771,-130
CCS-2407,243067,Mk10,DS,1,0,1,,,12:13:55 20-Sep-2024,NK,B,41.9320,-69.8361,41.9320,-69.8361,8,,401677722,-133
CCS-2407,243067,Mk10,DS,1,0,1,,,13:08:55 20-Sep-2024,MC,B,41.8745,-69.8753,41.8745,-69.8753,8,,401677728,-126
CCS-2407,243067,Mk10,DS,2,0,2,85,85,13:57:53 20-Sep-2024,MB,B,41.9248,-69.8299,41.9248,-69.8299,6,,401677766,-125
CCS-2407,243067,Mk10,DS,1,0,1,,,14:22:42 20-Sep-2024,NN,B,41.9163,-69.8216,,,6,,401677775,-123
CCS-2407,243067,Mk10,DS,1,0,0,,,14:44:24 20-Sep-2024,MC,B,41.9178,-69.8047,41.9178,-69.8047,6,,401677755,-117
CCS-2407,243067,Mk10,DS,2,0,2,82,82,15:15:43 20-Sep-2024,NP,B,41.9414,-69.7951,41.9414,-69.7951,6,,401677781,-128
CCS-2407,243067,Mk10,DS,2,0,1,21,21,15:58:48 20-Sep-2024,NN,B,41.9434,-69.8194,,,8,,401677750,-128
CCS-2407,243067,Mk10,DS,4,0,3,192,25,16:15:58 20-Sep-2024,O3,0,41.8331,-69.8892,,,46,,401677740,-126
CCS-2407,243067,Mk10,DS,2,0,2,110,110,17:56:07 20-Sep-2024,O3,B,41.8311,-69.8821,41.8311,-69.8821,6,,401677789,-130
CCS-2407,243067,Mk10,DS,1,0,1,,,19:24:03 20-Sep-2024,CS,B,41.8276,-69.8151,41.8276,-69.8151,8,,401677720,-141
CCS-2407,243067,Mk10,DS,4,0,3,49,40,20:59:13 20-Sep-2024,CS,1,41.7612,-69.8045,41.7612,-69.8045,46,,401677771,-122
CCS-2407,243067,Mk10,DS,3,0,3,116,98,22:30:34 20-Sep-2024,SR,A,41.7872,-69.8120,41.7872,-69.8120,8,,401677774,-121
CCS-2407,243067,Mk10,DS,1,0,1,,,23:32:41 20-Sep-2024,NK,B,41.7872,-69.8035,41.7872,-69.8035,8,,401677768,-125
CCS-2407,243067,Mk10,DS,1,0,1,,,00:14:23 21-Sep-2024,SR,B,41.8030,-69.7831,41.8030,-69.7831,8,,401677746,-133
CCS-2407,243067,Mk10,DS,5,0,3,68,15,01:13:17 21-Sep-2024,MB,2,41.8243,-69.7425,41.8243,-69.7425,57,,401677758,-122
CCS-2407,243067,Mk10,DS,1,0,1,,,01:55:11 21-Sep-2024,NN,B,41.8317,-69.7278,41.8317,-69.7278,8,,401677765,-132
CCS-2407,243067,Mk10,DS,7,0,3,27,22,02:38:49 21-Sep-2024,NP,1,41.7970,-69.7742,41.7970,-69.7742,58,,401677764,-126
CCS-2407,243067,Mk10,DS,1,0,1,,,02:51:35 21-Sep-2024,MB,B,41.7958,-69.7746,41.7958,-69.7746,6,,401677765,-132
CCS-2407,243067,Mk10,DS,3,0,1,367,64,03:24:32 21-Sep-2024,NN,A,41.7877,-69.7901,41.7877,-69.7901,8,,401677763,-133
CCS-2407,243067,Mk10,DS,2,0,0,15,15,03:24:40 21-Sep-2024,O3,B,41.8134,-69.7961,41.8134,-69.7961,6,,401677756,-130
CCS-2407,243067,Mk10,DS,2,0,2,36,36,08:15:47 21-Sep-2024,SR,B,41.8197,-69.8395,41.8197,-69.8395,8,,401677755,-126
CCS-2407,243067,Mk10,DS,1,0,1,,,10:45:11 21-Sep-2024,CS,B,41.8284,-69.8807,41.8284,-69.8807,8,,401677733,-130
CCS-2407,243067,Mk10,DS,2,0,2,36,36,11:40:09 21-Sep-2024,NK,B,41.8024,-69.8675,41.8024,-69.8675,6,,401677769,-127
CCS-2407,243067,Mk10,DS,1,0,1,,,12:48:18 21-Sep-2024,MC,B,41.8014,-69.8271,41.8014,-69.8271,8,,401677741,-132
CCS-2407,243067,Mk10,DS,1,0,1,,,13:24:31 21-Sep-2024,NP,B,41.7871,-69.8268,41.7871,-69.8268,8,,401677733,-137
CCS-2407,243067,Mk10,DS,1,0,1,,,13:25:14 21-Sep-2024,NK,B,41.7846,-69.8092,41.7846,-69.8092,6,,401677750,-133
CCS-2407,243067,Mk10,DS,3,0,3,64,47,14:10:56 21-Sep-2024,NN,A,41.8534,-69.8759,31.9600,-20.5388,40,,401677758,-127
CCS-2407,243067,Mk10,DS,2,0,2,46,46,15:00:18 21-Sep-2024,NP,B,41.7837,-69.8138,41.7837,-69.8138,8,,401677723,-123
CCS-2407,243067,Mk10,DS,2,0,2,47,47,15:13:47 21-Sep-2024,MB,B,41.8661,-69.6658,41.8661,-69.6658,6,,401677773,-128
CCS-2407,243067,Mk10,DS,4,0,3,19,17,15:53:04 21-Sep-2024,NN,0,41.8071,-69.6652,41.8071,-69.6652,58,,401677759,-123
CCS-2407,243067,Mk10,DS,2,0,2,69,69,16:01:52 21-Sep-2024,MC,B,41.8008,-69.6654,41.8008,-69.6654,6,,401677755,-124
CCS-2407,243067,Mk10,DS,1,0,1,,,16:36:25 21-Sep-2024,NP,B,41.7375,-69.7004,41.7375,-69.7004,6,,401677784,-138
CCS-2407,243067,Mk10,DS,2,0,2,354,354,22:53:43 21-Sep-2024,A1,B,41.7515,-69.7383,41.7515,-69.7383,8,,401677742,-130
CCS-2407,243067,Mk10,DS,1,0,1,,,23:07:27 21-Sep-2024,NK,B,41.7569,-69.7461,41.7569,-69.7461,6,,401677750,-124
CCS-2407,243067,Mk10,DS,1,0,1,,,23:08:53 21-Sep-2024,NP,B,41.7744,-69.7711,41.7744,-69.7711,6,,401677760,-136
CCS-2407,243067,Mk10,DS,4,0,3,73,24,01:49:44 22-Sep-2024,MC,0,41.8020,-69.7791,41.8020,-69.7791,58,,401677766,-116
CCS-2407,243067,Mk10,DS,1,0,1,,,02:24:13 22-Sep-2024,NP,B,41.7882,-69.7661,41.7882,-69.7661,8,,401677759,-132
CCS-2407,243067,Mk10,DS,1,0,1,,,02:36:41 22-Sep-2024,MB,B,41.7994,-69.7462,41.7994,-69.7462,6,,401677780,-135
CCS-2407,243067,Mk10,DS,5,0,4,137,16,03:13:46 22-Sep-2024,NN,0,41.8360,-69.7292,41.8360,-69.7292,58,,401677761,-121
CCS-2407,243067,Mk10,DS,1,0,0,,,04:19:06 22-Sep-2024,O3,B,41.8224,-69.7270,41.8224,-69.7270,8,,401677749,-118
CCS-2407,243067,Mk10,DS,1,0,1,,,04:57:05 22-Sep-2024,NN,B,41.8218,-69.7050,41.8218,-69.7050,7,,401677758,-137
CCS-2407,243067,Mk10,DS,4,0,2,144,48,09:15:42 22-Sep-2024,SR,3,41.7619,-69.7286,41.7619,-69.7286,58,,401677745,-131
CCS-2407,243067,Mk10,DS,3,0,1,39,22,10:01:44 22-Sep-2024,CS,A,41.7180,-69.7412,41.7180,-69.7412,8,,401677720,-124
CCS-2407,243067,Mk10,DS,1,0,1,,,11:12:48 22-Sep-2024,NK,B,41.6933,-69.7371,41.6933,-69.7371,8,,401677720,-140
CCS-2407,243067,Mk10,DS,5,0,2,27,18,11:38:41 22-Sep-2024,CS,0,41.6786,-69.7454,41.6786,-69.7454,58,,401677725,-130
CCS-2407,243067,Mk10,DS,2,0,2,220,220,13:01:46 22-Sep-2024,NP,B,41.7643,-69.7016,41.7643,-69.7016,6,,401677765,-127
CCS-2407,243067,Mk10,DS,2,0,1,172,172,14:01:37 22-Sep-2024,MC,B,41.7657,-69.6890,41.7657,-69.6890,8,,401677773,-123
CCS-2407,243067,Mk10,DS,2,0,1,36,36,14:45:54 22-Sep-2024,NP,B,41.7248,-69.7238,41.7248,-69.7238,8,,401677760,-127
CCS-2407,243067,Mk10,DS,1,0,1,,,15:32:34 22-Sep-2024,NN,B,41.7158,-69.7221,41.7158,-69.7221,7,,401677775,-132
CCS-2407,243067,Mk10,DS,4,0,2,110,26,16:25:00 22-Sep-2024,O3,0,41.7019,-69.6115,41.7019,-69.6115,48,,401677768,-126
CCS-2407,243067,Mk10,DS,6,0,3,66,30,16:26:49 22-Sep-2024,NP,0,41.6995,-69.6600,41.6995,-69.6600,46,,401677768,-134
CCS-2407,243067,Mk10,DS,2,0,1,54,54,17:59:42 22-Sep-2024,O3,B,41.6935,-69.5912,41.6935,-69.5912,8,,401677765,-120
CCS-2407,243067,Mk10,DS,1,0,0,,,19:38:57 22-Sep-2024,CS,B,41.6969,-69.5527,41.6969,-69.5527,6,,401677828,-134
CCS-2407,243067,Mk10,DS,1,0,1,,,03:02:23 23-Sep-2024,MC,B,41.7024,-69.5808,41.7024,-69.5808,8,,401677820,-131
CCS-2407,243067,Mk10,DS,3,0,0,25,17,03:03:08 23-Sep-2024,NN,A,41.8694,-69.7308,41.8694,-69.7308,6,,401677771,-119
CCS-2407,243067,Mk10,DS,7,0,3,67,20,10:28:09 23-Sep-2024,SR,1,41.8939,-69.7824,41.8939,-69.7824,48,,401677741,-117
CCS-2407,243067,Mk10,DS,3,0,1,85,44,10:34:15 23-Sep-2024,A1,A,41.9096,-69.7933,41.9096,-69.7933,6,,401677764,-125
CCS-2407,243067,Mk10,DS,2,0,1,90,90,11:00:33 23-Sep-2024,CS,B,41.8967,-69.7191,41.8967,-69.7191,6,,401677787,-124
CCS-2407,243067,Mk10,DS,3,0,3,24,22,12:29:43 23-Sep-2024,NK,A,41.8362,-69.6957,41.8362,-69.6957,8,,401677722,-124
CCS-2407,243067,Mk10,DS,1,0,1,,,13:45:04 23-Sep-2024,MC,B,41.9044,-69.6472,41.9044,-69.6472,8,,401677769,-136
CCS-2407,243067,Mk10,DS,2,0,2,16,16,14:27:41 23-Sep-2024,MB,B,41.9586,-69.6417,41.9586,-69.6417,8,,401677767,-127
CCS-2407,243067,Mk10,DS,3,0,3,64,32,14:39:56 23-Sep-2024,NP,A,42.0168,-69.5760,42.0168,-69.5760,6,,401677773,-129
CCS-2407,243067,Mk10,DS,4,0,2,184,36,15:17:54 23-Sep-2024,MC,0,41.9392,-69.7535,41.9392,-69.7535,48,,401677705,-124
CCS-2407,243067,Mk10,DS,2,0,1,36,36,15:26:49 23-Sep-2024,NN,B,41.9322,-69.7633,41.9322,-69.7633,6,,401677755,-120
CCS-2407,243067,Mk10,DS,1,0,1,,,15:39:09 23-Sep-2024,O3,B,41.9312,-69.7606,41.9312,-69.7606,6,,401677759,-126
CCS-2407,243067,Mk10,DS,2,0,2,70,70,17:05:28 23-Sep-2024,MC,B,41.9156,-69.6024,41.9156,-69.6024,6,,401677762,-132
CCS-2407,243067,Mk10,DS,4,0,4,23,15,17:05:01 23-Sep-2024,NN,0,41.8878,-69.6801,41.8878,-69.6801,48,,401677746,-130
CCS-2407,243067,Mk10,DS,1,0,1,,,18:59:34 23-Sep-2024,CS,B,41.8720,-69.6533,41.8720,-69.6533,8,,401677776,-134
CCS-2407,243067,Mk10,DS,1,0,1,,,20:32:41 23-Sep-2024,CS,B,41.8560,-69.6731,41.8560,-69.6731,8,,401677790,-133
CCS-2407,243067,Mk10,DS,2,0,0,202,202,22:11:13 23-Sep-2024,CS,B,41.9071,-69.6836,41.9071,-69.6836,8,,401677771,-125
CCS-2407,243067,Mk10,DS,2,0,1,163,163,23:37:22 23-Sep-2024,A1,B,41.9289,-69.6912,41.9289,-69.6912,8,,401677771,-121
CCS-2407,243067,Mk10,DS,1,0,1,,,23:43:38 23-Sep-2024,NK,B,41.9272,-69.6784,41.9272,-69.6784,6,,401677768,-135
CCS-2407,243067,Mk10,DS,2,0,1,198,198,00:08:32 24-Sep-2024,MB,B,41.9148,-69.6260,41.9148,-69.6260,6,,401677762,-129
CCS-2407,243067,Mk10,DS,2,0,1,283,283,00:16:31 24-Sep-2024,SR,B,41.9097,-69.6450,41.9097,-69.6450,6,,401677772,-135
CCS-2407,243067,Mk10,DS,2,0,1,247,247,00:17:08 24-Sep-2024,NP,B,41.9050,-69.6495,41.9050,-69.6495,6,,401677765,-126
CCS-2407,243067,Mk10,DS,2,0,2,251,251,01:08:28 24-Sep-2024,MC,B,41.8833,-69.6422,41.8833,-69.6422,8,,401677765,-119
CCS-2407,243067,Mk10,DS,2,0,2,251,251,01:10:34 24-Sep-2024,NN,B,41.8838,-69.6410,41.8838,-69.6410,6,,401677765,-124
CCS-2407,243067,Mk10,DS,2,0,2,31,31,01:51:18 24-Sep-2024,MB,B,41.8618,-69.6493,41.8618,-69.6493,8,,401677761,-132
CCS-2407,243067,Mk10,DS,2,0,1,44,44,02:00:47 24-Sep-2024,NP,B,41.8598,-69.6489,41.8598,-69.6489,6,,401677764,-119
CCS-2407,243067,Mk10,DS,2,0,1,318,318,02:48:04 24-Sep-2024,MC,B,41.8473,-69.6836,41.8473,-69.6836,8,,401677768,-121
CCS-2407,243067,Mk10,DS,1,0,1,,,02:50:43 24-Sep-2024,O3,B,41.8475,-69.6835,41.8475,-69.6835,6,,401677768,-135
CCS-2407,243067,Mk10,DS,2,0,0,126,126,02:51:46 24-Sep-2024,NN,B,41.8630,-69.6728,41.8630,-69.6728,6,,401677760,-128
CCS-2407,243067,Mk10,DS,7,0,1,53,15,04:27:58 24-Sep-2024,O3,2,41.8961,-69.7262,41.8961,-69.7262,58,,401677762,-120
CCS-2407,243067,Mk10,DS,1,0,1,,,09:54:30 24-Sep-2024,SR,B,41.8840,-69.8505,41.8840,-69.8505,8,,401677763,-131
CCS-2407,243067,Mk10,DS,2,0,2,68,68,14:24:13 24-Sep-2024,NP,B,41.9553,-69.8362,41.9553,-69.8362,8,,401677754,-122
CCS-2407,243067,Mk10,DS,1,0,1,,,16:04:19 24-Sep-2024,NP,B,41.9478,-69.8559,41.9478,-69.8559,7,,401677789,-126
CCS-2407,243067,Mk10,DS,1,0,0,,,16:29:07 24-Sep-2024,O3,B,41.9424,-69.7699,41.9424,-69.7699,6,,401677823,-125
CCS-2407,243067,Mk10,DS,1,0,1,,,18:08:06 24-Sep-2024,O3,B,41.9557,-69.7518,41.9557,-69.7518,8,,401677810,-128
CCS-2407,243067,Mk10,DS,2,0,2,27,27,19:54:35 24-Sep-2024,CS,B,41.8734,-69.8434,41.8734,-69.8434,8,,401677739,-131
CCS-2407,243067,Mk10,DS,1,0,1,,,22:10:16 24-Sep-2024,SR,B,41.8544,-69.8924,41.8544,-69.8924,8,,401677732,-125
CCS-2407,243067,Mk10,DS,1,0,1,,,23:09:29 24-Sep-2024,MC,B,41.8510,-69.8873,41.8510,-69.8873,8,,401677742,-133
CCS-2407,243067,Mk10,DS,1,0,1,,,23:09:29 24-Sep-2024,A1,B,41.8607,-69.8725,41.8607,-69.8725,8,,401677743,-125
CCS-2407,243067,Mk10,DS,7,0,4,83,15,23:24:06 24-Sep-2024,NK,0,41.8383,-69.7888,41.8383,-69.7888,56,,401677770,-122
CCS-2407,243067,Mk10,DS,3,0,2,27,20,00:50:27 25-Sep-2024,MC,A,41.8108,-69.7451,41.8108,-69.7451,8,,401677768,-127
CCS-2407,243067,Mk10,DS,2,0,1,264,264,01:04:28 25-Sep-2024,NK,B,41.8273,-69.7232,41.8273,-69.7232,6,,401677776,-128
CCS-2407,243067,Mk10,DS,1,0,0,,,02:25:23 25-Sep-2024,MC,B,41.8131,-69.7336,41.8131,-69.7336,8,,401677780,-119
CCS-2407,243067,Mk10,DS,1,0,0,,,03:28:01 25-Sep-2024,NP,B,41.8041,-69.7382,41.8041,-69.7382,8,,401677775,-138
CCS-2407,243067,Mk10,DS,3,0,2,25,15,03:42:06 25-Sep-2024,O3,A,41.8570,-69.7150,41.8570,-69.7150,6,,401677761,-122
CCS-2407,243067,Mk10,DS,2,0,1,76,76,09:20:40 25-Sep-2024,SR,B,41.8364,-69.7215,41.8364,-69.7215,8,,401677767,-130
CCS-2407,243067,Mk10,DS,3,0,1,66,47,09:41:37 25-Sep-2024,CS,A,41.8460,-69.6744,41.8460,-69.6744,6,,401677770,-127
CCS-2407,243067,Mk10,DS,1,0,0,,,09:42:50 25-Sep-2024,A1,B,41.8447,-69.6726,41.8447,-69.6726,6,,401677756,-139
CCS-2407,243067,Mk10,DS,2,0,1,150,150,14:08:23 25-Sep-2024,NP,B,41.7898,-69.7419,41.7898,-69.7419,8,,401677732,-122
CCS-2407,243067,Mk10,DS,2,0,0,177,177,14:40:10 25-Sep-2024,MC,B,41.7847,-69.7490,41.7847,-69.7490,8,,401677748,-117
CCS-2407,243067,Mk10,DS,1,0,1,,,15:54:56 25-Sep-2024,NP,B,41.8653,-69.8294,41.8653,-69.8294,8,,401677760,-137
CCS-2407,243067,Mk10,DS,3,0,2,151,42,16:38:19 25-Sep-2024,NN,A,41.8587,-69.6329,41.8587,-69.6329,8,,401677764,-131
CCS-2407,243067,Mk10,DS,1,0,1,,,22:36:02 25-Sep-2024,CS,B,41.9057,-69.3390,41.9057,-69.3390,8,,401677711,-138
CCS-2407,243067,Mk10,DS,1,0,1,,,23:59:28 25-Sep-2024,NP,B,41.9741,-69.4314,41.9741,-69.4314,6,,401677787,-131
CCS-2407,243067,Mk10,DS,2,0,1,122,122,00:18:07 26-Sep-2024,A1,B,41.8263,-69.6239,41.8263,-69.6239,6,,401677766,-132
CCS-2407,243067,Mk10,DS,1,0,1,,,00:24:02 26-Sep-2024,MC,B,41.8279,-69.6226,41.8279,-69.6226,6,,401677768,-124
CCS-2407,243067,Mk10,DS,3,0,1,18,15,01:09:44 26-Sep-2024,MB,A,41.8427,-69.6104,41.8427,-69.6104,8,,401677763,-126
CCS-2407,243067,Mk10,DS,2,0,2,377,377,02:04:22 26-Sep-2024,MC,B,41.8603,-69.5894,41.8603,-69.5894,8,,401677760,-112
CCS-2407,243067,Mk10,DS,1,0,1,,,02:54:32 26-Sep-2024,O3,B,41.8656,-69.5901,41.8656,-69.5901,8,,401677749,-134
CCS-2407,243067,Mk10,DS,2,0,1,19,19,04:09:41 26-Sep-2024,NN,B,41.8758,-69.5807,41.8758,-69.5807,8,,401677743,-131
CCS-2407,243067,Mk10,DS,3,0,0,15,15,04:32:53 26-Sep-2024,O3,A,41.8457,-69.6362,41.8457,-69.6362,6,,401677772,-122
CCS-2407,243067,Mk10,DS,1,0,1,,,08:54:10 26-Sep-2024,CS,B,41.9258,-69.5729,41.9258,-69.5729,8,,401677764,-136
CCS-2407,243067,Mk10,DS,1,0,1,,,08:54:10 26-Sep-2024,SR,B,41.9104,-69.5591,41.9104,-69.5591,8,,401677766,-131
CCS-2407,243067,Mk10,DS,1,0,0,,,12:49:51 26-Sep-2024,NK,B,41.8829,-69.6380,41.8829,-69.6380,8,,401677775,-135
CCS-2407,243067,Mk10,DS,1,0,0,,,13:57:02 26-Sep-2024,NP,B,41.8880,-69.5927,41.8880,-69.5927,8,,401677782,-131
CCS-2407,243067,Mk10,DS,1,0,0,,,14:21:05 26-Sep-2024,MC,B,41.8377,-69.6483,41.8377,-69.6483,6,,401677791,-124
CCS-2407,243067,Mk10,DS,2,0,1,47,47,15:44:17 26-Sep-2024,NP,B,41.9114,-69.6411,41.9114,-69.6411,8,,401677776,-136
CCS-2407,243067,Mk10,DS,1,0,0,,,22:31:51 26-Sep-2024,NK,B,41.9120,-69.5215,41.9120,-69.5215,8,,401677724,-128
CCS-2407,243067,Mk10,DS,3,0,3,188,155,22:45:13 26-Sep-2024,SR,A,41.8265,-69.7375,41.8265,-69.7375,6,,401677765,-121
CCS-2407,243067,Mk10,DS,2,0,1,16,16,23:47:23 26-Sep-2024,A1,B,41.8390,-69.7427,41.8390,-69.7427,8,,401677768,-123
CCS-2407,243067,Mk10,DS,1,0,1,,,00:22:17 27-Sep-2024,SR,B,41.8446,-69.7396,41.8446,-69.7396,8,,401677767,-137
CCS-2407,243067,Mk10,DS,1,0,1,,,01:27:28 27-Sep-2024,NP,B,41.8494,-69.7356,41.8494,-69.7356,8,,401677758,-125
CCS-2407,243067,Mk10,DS,1,0,1,,,01:41:25 27-Sep-2024,MC,B,41.8441,-69.7377,41.8441,-69.7377,6,,401677762,-116
CCS-2407,243067,Mk10,DS,1,0,1,,,02:13:47 27-Sep-2024,NN,B,41.8292,-69.7307,41.8292,-69.7307,8,,401677748,-130
CCS-2407,243067,Mk10,DS,1,0,1,,,02:33:11 27-Sep-2024,MB,B,41.8272,-69.7296,41.8272,-69.7296,6,,401677749,-134
CCS-2407,243067,Mk10,DS,1,0,1,,,03:09:53 27-Sep-2024,NP,B,41.8253,-69.7260,41.8253,-69.7260,6,,401677765,-132
CCS-2407,243067,Mk10,DS,1,0,0,,,03:46:12 27-Sep-2024,O3,B,41.8237,-69.7224,41.8237,-69.7224,8,,401677764,-131
CCS-2407,243067,Mk10,DS,1,0,1,,,09:55:25 27-Sep-2024,CS,B,41.8030,-69.6825,41.8030,-69.6825,8,,401677765,-123
CCS-2407,243067,Mk10,DS,1,0,1,,,10:05:20 27-Sep-2024,SR,B,41.8052,-69.7045,41.8052,-69.7045,6,,401677766,-122
CCS-2407,243067,Mk10,DS,1,0,1,,,13:49:03 27-Sep-2024,NP,B,41.8031,-69.6334,41.8031,-69.6334,8,,401677754,-132
CCS-2407,243067,Mk10,DS,1,0,0,,,14:45:31 27-Sep-2024,MB,B,41.8009,-69.6425,41.8009,-69.6425,7,,401677765,-134
CCS-2407,243067,Mk10,DS,1,0,0,,,15:31:01 27-Sep-2024,NP,B,41.7994,-69.6440,41.7994,-69.6440,8,,401677763,-131
CCS-2407,243067,Mk10,DS,1,0,1,,,15:47:13 27-Sep-2024,MC,B,41.7973,-69.6435,41.7973,-69.6435,6,,401677751,-133
CCS-2407,243067,Mk10,DS,3,0,0,30,24,16:15:07 27-Sep-2024,NN,A,41.7311,-69.5923,41.7311,-69.5923,6,,401677760,-122
CCS-2407,243067,Mk10,DS,1,0,0,,,17:32:38 27-Sep-2024,O3,B,41.7349,-69.5911,41.7349,-69.5911,8,,401677740,-128
CCS-2407,243067,Mk10,DS,1,0,0,,,17:54:35 27-Sep-2024,NN,B,41.7428,-69.6161,41.7428,-69.6161,6,,401677781,-132
CCS-2407,243067,Mk10,DS,1,0,0,,,19:29:44 27-Sep-2024,CS,B,41.7227,-69.6099,41.7227,-69.6099,8,,401677760,-130
CCS-2407,243067,Mk10,DS,4,0,0,127,23,22:48:31 27-Sep-2024,CS,1,41.8419,-69.6534,41.8419,-69.6534,58,,401677767,-127
CCS-2407,243067,Mk10,DS,1,0,0,,,11:09:43 28-Sep-2024,SR,B,41.7980,-69.6415,41.7980,-69.6415,,,401677758,-122
CCS-2407,243067,Mk10,DS,1,0,0,,,13:36:20 28-Sep-2024,NP,B,41.7988,-69.6558,41.7988,-69.6558,8,,401677767,-140
CCS-2407,243067,Mk10,DS,1,0,0,,,13:36:20 28-Sep-2024,NK,B,41.7966,-69.6562,41.7966,-69.6562,,,401677769,-128
CCS-2407,243067,Mk10,DS,1,0,1,,,15:08:45 28-Sep-2024,NP,B,41.7994,-69.6528,41.7994,-69.6528,8,,401677776,-140
CCS-2407,243067,Mk10,DS,1,0,1,,,15:24:51 28-Sep-2024,MC,B,41.8095,-69.6913,41.8095,-69.6913,6,,401677756,-132
CCS-2407,243067,Mk10,DS,1,0,0,,,21:39:20 28-Sep-2024,SR,B,41.7793,-69.6671,41.7793,-69.6671,8,,401677774,-133
CCS-2407,243067,Mk10,DS,1,0,1,,,02:42:38 29-Sep-2024,NP,B,41.8227,-69.6497,41.8227,-69.6497,8,,401677794,-133
CCS-2407,243067,Mk10,DS,1,0,1,,,03:30:43 29-Sep-2024,NN,B,41.8340,-69.6624,41.8340,-69.6624,8,,401677803,-128
CCS-2407,243067,Mk10,DS,1,0,1,,,03:59:05 29-Sep-2024,O3,B,41.8521,-69.5991,41.8521,-69.5991,6,,401677769,-129
CCS-2407,243067,Mk10,DS,1,0,0,,,11:05:23 29-Sep-2024,A1,B,41.8640,-69.7078,41.8640,-69.7078,8,,401677748,-129
CCS-2407,243067,Mk10,DS,1,0,1,,,13:16:48 29-Sep-2024,NP,B,41.8157,-69.6631,41.8157,-69.6631,,,401677765,-140
CCS-2407,243067,Mk10,DS,1,0,1,,,13:16:48 29-Sep-2024,NK,B,41.8189,-69.6635,41.8189,-69.6635,8,,401677769,-124
CCS-2407,243067,Mk10,DS,1,0,1,,,14:57:37 29-Sep-2024,NP,B,41.8137,-69.6651,41.8137,-69.6651,8,,401677762,-121
CCS-2407,243067,Mk10,DS,1,0,1,,,14:57:37 29-Sep-2024,MC,B,41.8267,-69.6548,41.8267,-69.6548,8,,401677759,-112
CCS-2407,243067,Mk10,DS,1,0,0,,,15:52:50 29-Sep-2024,NN,B,41.8366,-69.6668,41.8366,-69.6668,8,,401677750,-125
CCS-2407,243067,Mk10,DS,5,0,3,56,23,16:36:55 29-Sep-2024,MC,0,41.7374,-69.6728,41.7374,-69.6728,58,,401677713,-129
CCS-2407,243067,Mk10,DS,1,0,1,,,16:40:18 29-Sep-2024,NP,B,41.7351,-69.6733,41.7351,-69.6733,6,,401677729,-137
CCS-2407,243067,Mk10,DS,2,0,1,43,43,21:21:07 29-Sep-2024,CS,B,41.7653,-69.8621,41.7653,-69.8621,8,,401677758,-131
CCS-2407,243067,Mk10,DS,1,0,1,,,22:32:20 29-Sep-2024,A1,B,41.7545,-69.8454,41.7545,-69.8454,8,,401677730,-136
CCS-2407,243067,Mk10,DS,4,0,4,162,25,22:50:48 29-Sep-2024,SR,1,41.8763,-69.7883,41.8763,-69.7883,56,,401677758,-121
CCS-2407,243067,Mk10,DS,7,0,2,68,29,22:56:29 29-Sep-2024,NK,1,41.8666,-69.8570,41.8666,-69.8570,46,,401677772,-121
CCS-2407,243067,Mk10,DS,2,0,1,56,56,03:18:06 30-Sep-2024,NN,B,41.8578,-69.8626,41.8578,-69.8626,8,,401677819,-122
CCS-2407,243067,Mk10,DS,1,0,0,,,04:47:02 30-Sep-2024,O3,B,41.8836,-69.7640,41.8836,-69.7640,8,,401677749,-136
CCS-2407,243067,Mk10,DS,3,0,1,118,42,08:30:59 30-Sep-2024,SR,A,41.8167,-69.7474,41.8167,-69.7474,8,,401677755,-132
CCS-2407,243067,Mk10,DS,2,0,1,116,116,10:35:07 30-Sep-2024,A1,B,41.7682,-69.7048,41.7682,-69.7048,8,,401677740,-121
CCS-2407,243067,Mk10,DS,1,0,1,,,11:50:49 30-Sep-2024,SR,B,41.7622,-69.6559,41.7622,-69.6559,7,,401677770,-138
CCS-2407,243067,Mk10,DS,2,0,1,79,79,14:37:21 30-Sep-2024,MC,B,41.8452,-69.6270,41.8452,-69.6270,8,,401677714,-118
CCS-2407,243067,Mk10,DS,1,0,0,,,15:21:46 30-Sep-2024,MB,B,41.8546,-69.6736,41.8546,-69.6736,6,,401677752,-129
CCS-2407,243067,Mk10,DS,1,0,0,,,16:17:05 30-Sep-2024,MC,B,41.8631,-69.6852,41.8631,-69.6852,8,,401677732,-131
CCS-2407,243067,Mk10,DS,1,0,1,,,22:00:28 30-Sep-2024,A1,B,41.8355,-69.6356,41.8355,-69.6356,8,,401677750,-142
CCS-2407,243067,Mk10,DS,1,0,0,,,22:25:40 30-Sep-2024,CS,B,41.8337,-69.6515,41.8337,-69.6515,6,,401677748,-125
CCS-2407,243067,Mk10,DS,2,0,1,45,45,09:34:41 01-Oct-2024,SR,B,41.7410,-69.6583,41.7410,-69.6583,8,,401677730,-127
CCS-2407,243067,Mk10,DS,1,0,0,,,10:09:05 01-Oct-2024,A1,B,41.7428,-69.6561,41.7428,-69.6561,8,,401677726,-126
CCS-2407,243067,Mk10,DS,1,0,1,,,14:36:25 01-Oct-2024,NP,B,41.7779,-69.6704,41.7779,-69.6704,8,,401677689,-128
CCS-2407,243067,Mk10,DS,2,0,1,52,52,15:23:30 01-Oct-2024,NN,B,41.7915,-69.6674,41.7915,-69.6674,8,,401677698,-128
CCS-2407,243067,Mk10,DS,1,0,1,,,15:54:13 01-Oct-2024,MC,B,41.8050,-69.8163,41.8050,-69.8163,5,,401677752,-120
CCS-2407,243067,Mk10,DS,1,0,0,,,17:05:33 01-Oct-2024,NN,B,41.8322,-69.9262,41.8322,-69.9262,8,,401677729,-124
CCS-2407,243067,Mk10,DS,1,0,0,,,17:41:55 01-Oct-2024,O3,B,41.8428,-69.9838,41.8428,-69.9838,8,,401677733,-136
CCS-2407,243067,Mk10,DS,1,0,1,,,21:48:30 01-Oct-2024,SR,B,41.9279,-70.3467,41.9279,-70.3467,8,,401677722,-135
CCS-2407,243067,Mk10,DS,2,0,1,26,26,23:25:45 01-Oct-2024,SR,B,41.8055,-69.8442,41.8055,-69.8442,7,,401677758,-121
CCS-2407,243067,Mk10,DS,2,0,2,305,305,01:37:52 02-Oct-2024,MC,B,41.8492,-69.8566,41.8492,-69.8566,8,,401677763,-119
CCS-2407,243067,Mk10,DS,1,0,1,,,03:19:12 02-Oct-2024,O3,B,41.8409,-69.8346,41.8409,-69.8346,8,,401677740,-139
CCS-2407,243067,Mk10,DS,1,0,0,,,03:19:39 02-Oct-2024,MC,B,41.8535,-69.8682,41.8535,-69.8682,8,,401677753,-129
CCS-2407,243067,Mk10,DS,2,0,2,32,32,04:35:17 02-Oct-2024,NN,B,41.8072,-69.7551,41.8072,-69.7551,7,,401677775,-131
CCS-2407,243067,Mk10,DS,1,0,0,,,04:56:17 02-Oct-2024,O3,B,41.8097,-69.7654,41.8097,-69.7654,6,,401677787,-120
CCS-2407,243067,Mk10,DS,1,0,0,,,09:50:41 02-Oct-2024,CS,B,41.7836,-69.6543,41.7836,-69.6543,8,,401677781,-132
CCS-2407,243067,Mk10,DS,1,0,1,,,11:28:16 02-Oct-2024,CS,B,41.7952,-69.6461,41.7952,-69.6461,8,,401677754,-136
CCS-2407,243067,Mk10,DS,1,0,1,,,12:44:09 02-Oct-2024,NP,B,41.7952,-69.6444,41.7952,-69.6444,8,,401677739,-136
CCS-2407,243067,Mk10,DS,1,0,0,,,13:39:51 02-Oct-2024,NK,B,41.7974,-69.6539,41.7974,-69.6539,8,,401677725,-125
CCS-2407,243067,Mk10,DS,2,0,1,116,116,13:54:41 02-Oct-2024,MC,B,41.7933,-69.6980,41.7933,-69.6980,8,,401677712,-112
CCS-2407,243067,Mk10,DS,2,0,1,22,22,14:30:33 02-Oct-2024,NP,B,41.7989,-69.6762,41.7989,-69.6762,5,,401677754,-129
CCS-2407,243067,Mk10,DS,1,0,1,,,15:18:01 02-Oct-2024,NN,B,41.8000,-69.6699,41.8000,-69.6699,8,,401677756,-135
CCS-2407,243067,Mk10,DS,1,0,1,,,15:19:39 02-Oct-2024,O3,B,41.8035,-69.6929,41.8035,-69.6929,6,,401677748,-132
CCS-2407,243067,Mk10,DS,1,0,1,,,16:03:15 02-Oct-2024,NP,B,41.8036,-69.6976,41.8036,-69.6976,8,,401677761,-138
CCS-2407,243067,Mk10,DS,1,0,0,,,16:51:33 02-Oct-2024,NN,B,41.7955,-69.7081,41.7955,-69.7081,6,,401677791,-128
CCS-2407,243067,Mk10,DS,1,0,1,,,22:43:11 02-Oct-2024,A1,B,41.7663,-69.7087,41.7663,-69.7087,8,,401677792,-123
CCS-2407,243067,Mk10,DS,4,0,2,102,19,22:53:57 02-Oct-2024,SR,3,41.7327,-69.6923,41.7327,-69.6923,56,,401677771,-120
CCS-2407,243067,Mk10,DS,1,0,1,,,23:10:17 02-Oct-2024,NK,B,41.7317,-69.6918,41.7317,-69.6918,6,,401677774,-137
CCS-2407,243067,Mk10,DS,1,0,1,,,15:01:19 03-Oct-2024,NN,B,41.7951,-69.6574,41.7951,-69.6574,,,401677763,-137
CCS-2407,243067,Mk10,DS,2,0,0,43,43,20:20:46 03-Oct-2024,CS,B,41.7760,-69.8320,41.7760,-69.8320,8,,401677744,-130
CCS-2407,243067,Mk10,DS,1,0,0,,,22:05:27 03-Oct-2024,CS,B,41.7578,-69.8392,41.7578,-69.8392,7,,401677778,-138
CCS-2407,243067,Mk10,DS,3,0,2,54,15,23:20:14 03-Oct-2024,MC,A,41.8389,-69.7558,41.8389,-69.7558,8,,401677785,-132
CCS-2407,243067,Mk10,DS,1,0,0,,,01:43:37 04-Oct-2024,MB,B,41.8928,-69.7368,41.8928,-69.7368,8,,401677799,-131
CCS-2407,243067,Mk10,DS,1,0,0,,,01:43:37 04-Oct-2024,NP,B,41.9071,-69.7533,41.9071,-69.7533,,,401677772,-130
CCS-2407,243067,Mk10,DS,1,0,1,,,04:12:15 04-Oct-2024,NN,B,41.9548,-69.7193,41.9548,-69.7193,8,,401677778,-133
CCS-2407,243067,Mk10,DS,1,0,0,,,12:49:44 04-Oct-2024,NK,B,42.1640,-69.5988,42.1640,-69.5988,8,,401677742,-121
CCS-2407,243067,Mk10,DS,1,0,0,,,14:50:12 04-Oct-2024,NN,B,42.1010,-69.6236,42.1010,-69.6236,8,,401677795,-135
CCS-2407,243067,Mk10,DS,1,0,0,,,14:50:12 04-Oct-2024,MC,B,42.0429,-69.6523,42.0429,-69.6523,,,401677771,-131
CCS-2407,243067,Mk10,DS,2,0,0,135,135,16:29:32 04-Oct-2024,NN,B,42.2105,-69.6455,42.2105,-69.6455,8,,401677734,-120
CCS-2407,243067,Mk10,DS,1,0,0,,,18:09:32 04-Oct-2024,NN,B,42.2806,-69.7142,42.2806,-69.7142,6,,401677784,-137
CCS-2407,243067,Mk10,DS,1,0,1,,,23:00:51 04-Oct-2024,CS,B,42.4749,-69.8770,42.4749,-69.8770,8,,401677752,-141
CCS-2407,243067,Mk10,DS,1,0,0,,,02:13:21 05-Oct-2024,NN,B,42.5885,-69.9137,42.5885,-69.9137,8,,401677758,-124
CCS-2407,243067,Mk10,DS,2,0,1,176,176,03:09:04 05-Oct-2024,NP,B,42.6103,-69.9228,42.6103,-69.9228,8,,401677768,-126
CCS-2407,243067,Mk10,DS,3,0,1,21,16,04:20:28 05-Oct-2024,O3,A,42.6245,-69.9595,42.6245,-69.9595,8,,401677780,-115
CCS-2407,243067,Mk10,DS,1,0,1,,,09:06:20 05-Oct-2024,SR,B,42.7711,-70.0487,42.7711,-70.0487,8,,401677775,-137
CCS-2407,243067,Mk10,DS,1,0,1,,,10:46:59 05-Oct-2024,SR,B,42.7278,-69.9770,42.7278,-69.9770,8,,401677798,-129
CCS-2407,243067,Mk10,DS,2,0,0,72,72,11:03:33 05-Oct-2024,CS,B,42.8108,-69.9527,42.8108,-69.9527,6,,401677756,-126
CCS-2407,243067,Mk10,DS,2,0,1,175,175,12:22:02 05-Oct-2024,NK,B,42.7775,-69.9937,42.7775,-69.9937,8,,401677770,-121
CCS-2407,243067,Mk10,DS,2,0,1,296,296,13:43:19 05-Oct-2024,NP,B,42.7839,-70.0450,42.7839,-70.0450,8,,401677771,-128
CCS-2407,243067,Mk10,DS,2,0,2,16,16,14:34:26 05-Oct-2024,NN,B,42.8444,-70.1716,42.8444,-70.1716,6,,401677781,-132
CCS-2407,243067,Mk10,DS,3,0,2,20,16,14:34:37 05-Oct-2024,MC,A,42.7843,-70.1513,42.7843,-70.1513,6,,401677746,-114
CCS-2407,243067,Mk10,DS,1,0,1,,,16:23:46 05-Oct-2024,O3,B,42.7998,-70.2884,42.7998,-70.2884,6,,401677791,-134
CCS-2407,243067,Mk10,DS,2,0,0,430,430,18:01:17 05-Oct-2024,O3,B,42.7208,-70.0475,42.7208,-70.0475,8,,401677766,-136
CCS-2407,243067,Mk10,DS,1,0,0,,,01:13:56 06-Oct-2024,NP,B,42.7584,-70.0633,42.7584,-70.0633,8,,401677773,-127
CCS-2407,243067,Mk10,DS,2,0,2,26,26,02:04:46 06-Oct-2024,NN,B,42.7589,-70.0251,42.7589,-70.0251,8,,401677771,-137
CCS-2407,243067,Mk10,DS,1,0,1,,,03:44:54 06-Oct-2024,NN,B,42.7555,-70.0144,42.7555,-70.0144,8,,401677765,-124
CCS-2407,243067,Mk10,DS,4,0,1,81,49,10:25:26 06-Oct-2024,CS,0,42.8937,-70.0384,42.8937,-70.0384,58,,401677770,-124
CCS-2407,243067,Mk10,DS,2,0,2,77,77,11:56:50 06-Oct-2024,NK,B,42.8490,-70.1449,42.8490,-70.1449,8,,401677772,-128
CCS-2407,243067,Mk10,DS,1,0,0,,,12:03:16 06-Oct-2024,CS,B,42.8943,-70.0179,42.8943,-70.0179,7,,401677793,-140
CCS-2407,243067,Mk10,DS,1,0,0,,,15:40:55 06-Oct-2024,O3,B,42.8863,-70.0720,42.8863,-70.0720,7,,401677850,-133
CCS-2407,243067,Mk10,DS,1,0,0,,,20:00:30 06-Oct-2024,CS,B,42.6932,-69.8781,42.6932,-69.8781,8,,401677736,-135
CCS-2407,243067,Mk10,DS,1,0,1,,,21:34:49 06-Oct-2024,CS,B,42.4726,-69.9152,42.4726,-69.9152,8,,401677682,-131
CCS-2407,243067,Mk10,DS,1,0,0,,,21:34:49 06-Oct-2024,NK,B,42.6210,-69.8968,42.6210,-69.8968,8,,401677687,-128
CCS-2407,243067,Mk10,DS,2,0,1,40,40,22:23:52 06-Oct-2024,SR,B,42.3809,-69.7682,42.3809,-69.7682,5,,401677758,-128
CCS-2407,243067,Mk10,DS,1,0,1,,,22:24:12 06-Oct-2024,A1,B,42.3800,-69.7722,42.3800,-69.7722,6,,401677747,-140
CCS-2407,243067,Mk10,DS,3,0,1,28,17,23:16:44 06-Oct-2024,NK,A,42.3676,-69.8987,42.3676,-69.8987,6,,401677775,-129
CCS-2407,243067,Mk10,DS,2,0,1,40,40,00:40:21 07-Oct-2024,MB,B,42.3397,-69.8642,42.3397,-69.8642,8,,401677761,-131
CCS-2407,243067,Mk10,DS,2,0,1,29,29,00:55:48 07-Oct-2024,NP,B,42.3405,-69.8616,42.3405,-69.8616,6,,401677764,-134
CCS-2407,243067,Mk10,DS,2,0,2,29,29,00:56:02 07-Oct-2024,NK,B,42.3271,-69.8356,42.3271,-69.8356,6,,401677758,-135
CCS-2407,243067,Mk10,DS,2,0,1,36,36,01:33:58 07-Oct-2024,MC,B,42.3103,-69.8568,42.3103,-69.8568,8,,401677770,-118
CCS-2407,243067,Mk10,DS,1,0,0,,,02:43:54 07-Oct-2024,NP,B,42.2807,-69.8528,42.2807,-69.8528,8,,401677758,-132
CCS-2407,243067,Mk10,DS,2,0,0,18,18,03:16:15 07-Oct-2024,MC,B,42.2687,-69.8792,42.2687,-69.8792,6,,401677780,-128
CCS-2407,243067,Mk10,DS,1,0,1,,,03:29:22 07-Oct-2024,NN,B,42.2731,-69.8793,42.2731,-69.8793,6,,401677778,-127
CCS-2407,243067,Mk10,DS,2,0,0,41,41,04:27:45 07-Oct-2024,O3,B,42.2820,-69.9362,42.2820,-69.9362,8,,401677755,-122
CCS-2407,243067,Mk10,DS,2,0,1,172,172,13:07:28 07-Oct-2024,NK,B,42.3232,-69.9660,42.3232,-69.9660,8,,401677738,-119
CCS-2407,243067,Mk10,DS,3,0,3,232,100,20:53:47 07-Oct-2024,CS,A,42.0622,-69.9785,42.0622,-69.9785,8,,401677762,-126
