PTT,User_Start,Last_Message
234798,2022-06-30 22:39:00,2022-09-30 02:27:32
234800,2022-06-30 19:17:00,2022-08-05 16:03:14
234801,2022-07-03 15:20:00,2022-07-21 11:18:19
234802,2022-07-04 14:53:00,2022-08-07 14:09:34
234803,2022-07-03 14:08:00,2022-07-24 16:50:18
234804,2022-07-03 14:39:00,2022-08-02 02:18:52
234805,2022-07-04 15:16:00,2022-08-07 09:35:01
243055,2023-07-25 14:58:00,2023-08-06 15:39:40
243058,2023-07-25 15:32:00,2023-08-09 15:24:44
243065,2023-07-25 16:31:00,2023-08-12 13:55:21
243052,2023-07-25 17:08:00,2023-07-28 17:37:20
243062,2023-08-10 15:11:00,2023-08-25 13:11:25
243064,2023-10-12 14:22:00,2023-10-13 15:44:15
243061,2024-06-22 14:41:00,2024-07-19 17:59:35
243053,2024-07-22 16:19:00,2024-09-20 11:21:44
243056,2024-07-27 18:07:00,2024-08-29 10:25:34
243060,2024-08-02 15:51:00,2024-08-05 04:34:14
267425,2024-08-08 17:31:00,2024-09-20 23:33:29
267426,2024-08-08 21:03:00,2024-09-04 00:07:27
243067,2024-09-16 18:51:00,2024-10-07 20:53:47
