DeployID,Ptt,Instr,Date,Type,Quality,Latitude,Longitude,Error radius,Error Semi-major axis,Error Semi-minor axis,Error Ellipse orientation,Offset,Offset orientation,GPE MSD,GPE U,Count,Comment
CCS-0914,234803,Mk10,14:08:00 03-Jul-2022,User,,42.1213,-70.1469,,,,,,,,,,
CCS-0914,234803,Mk10,14:13:48 03-Jul-2022,Argos,1,42.1270,-70.2069,1195,1559,915,114,,,,,,
CCS-0914,234803,Mk10,14:15:06 03-Jul-2022,Argos,0,42.1177,-70.1520,3228,5730,1817,27,,,,,,
CCS-0914,234803,Mk10,14:52:42 03-Jul-2022,Argos,1,42.1038,-69.9646,941,6186,143,118,,,,,,
CCS-0914,234803,Mk10,15:40:19 03-Jul-2022,Argos,0,42.1222,-70.2538,1981,2590,1514,142,,,,,,
CCS-0914,234803,Mk10,15:49:07 03-Jul-2022,Argos,1,42.0872,-70.1769,1110,3364,366,103,,,,,,
CCS-0914,234803,Mk10,16:28:06 03-Jul-2022,Argos,B,42.0291,-70.2210,9466,21826,4105,104,,,,,,
CCS-0914,234803,Mk10,21:43:31 03-Jul-2022,Argos,0,42.1491,-70.0876,7808,40416,1508,6,,,,,,
CCS-0914,234803,Mk10,21:46:46 03-Jul-2022,Argos,0,42.2694,-70.1168,12785,20541,7957,37,,,,,,
CCS-0914,234803,Mk10,22:04:18 03-Jul-2022,Argos,0,42.1762,-70.3321,13869,70712,2720,104,,,,,,
CCS-0914,234803,Mk10,22:22:32 03-Jul-2022,Argos,0,42.1429,-70.3240,5311,24525,1149,100,,,,,,
CCS-0914,234803,Mk10,23:13:21 03-Jul-2022,Argos,0,42.0994,-70.2087,7587,127557,451,71,,,,,,
CCS-0914,234803,Mk10,23:25:45 03-Jul-2022,Argos,0,42.0916,-70.1357,2096,4151,1058,110,,,,,,
CCS-0914,234803,Mk10,23:39:59 03-Jul-2022,Argos,0,42.1548,-69.9556,15121,327476,698,78,,,,,,
CCS-0914,234803,Mk10,23:44:06 03-Jul-2022,Argos,0,42.0853,-70.1512,10187,18806,5517,178,,,,,,
CCS-0914,234803,Mk10,00:02:55 04-Jul-2022,Argos,0,42.1368,-69.9654,6257,78014,501,77,,,,,,
CCS-0914,234803,Mk10,00:31:33 04-Jul-2022,Argos,B,42.1430,-69.9715,22493,47029,10758,82,,,,,,
CCS-0914,234803,Mk10,01:00:59 04-Jul-2022,Argos,A,42.0325,-70.0551,7700,37435,1583,94,,,,,,
CCS-0914,234803,Mk10,01:17:25 04-Jul-2022,Argos,0,42.1286,-70.1455,4210,8782,2018,17,,,,,,
CCS-0914,234803,Mk10,01:26:27 04-Jul-2022,Argos,A,42.1263,-70.1565,1545,15237,156,89,,,,,,
CCS-0914,234803,Mk10,01:41:00 04-Jul-2022,Argos,A,42.1149,-70.1740,588,2549,135,107,,,,,,
CCS-0914,234803,Mk10,01:44:40 04-Jul-2022,Argos,B,42.1154,-70.1778,421,648,273,106,,,,,,
CCS-0914,234803,Mk10,02:11:06 04-Jul-2022,Argos,B,42.1149,-70.1746,839,1142,616,92,,,,,,
CCS-0914,234803,Mk10,03:04:26 04-Jul-2022,Argos,1,42.1071,-70.2373,521,958,283,169,,,,,,
CCS-0914,234803,Mk10,03:19:33 04-Jul-2022,Argos,3,42.1009,-70.2427,193,299,124,100,,,,,,
CCS-0914,234803,Mk10,08:23:58 04-Jul-2022,Argos,B,42.1005,-70.2298,2350,17936,307,117,,,,,,
CCS-0914,234803,Mk10,09:04:54 04-Jul-2022,Argos,1,42.1312,-70.2658,1339,5588,320,101,,,,,,
CCS-0914,234803,Mk10,10:40:30 04-Jul-2022,Argos,0,42.1183,-70.1746,4402,6124,3164,26,,,,,,
CCS-0914,234803,Mk10,10:44:37 04-Jul-2022,Argos,B,42.1184,-70.1753,11576,15380,8712,89,,,,,,
CCS-0914,234803,Mk10,12:22:29 04-Jul-2022,Argos,0,42.0273,-70.0980,1714,4117,713,146,,,,,,
CCS-0914,234803,Mk10,13:34:36 04-Jul-2022,Argos,A,42.0785,-69.9179,7492,33622,1669,137,,,,,,
CCS-0914,234803,Mk10,13:40:43 04-Jul-2022,Argos,0,42.0815,-70.1603,2806,4072,1933,36,,,,,,
CCS-0914,234803,Mk10,14:02:59 04-Jul-2022,Argos,0,42.0613,-70.1953,1648,2271,1195,44,,,,,,
CCS-0914,234803,Mk10,14:04:37 04-Jul-2022,Argos,0,42.0848,-70.2587,6967,8341,5818,26,,,,,,
CCS-0914,234803,Mk10,14:29:57 04-Jul-2022,Argos,0,42.1315,-70.3359,6240,52091,747,94,,,,,,
CCS-0914,234803,Mk10,15:18:15 04-Jul-2022,Argos,A,42.1202,-70.4612,35478,69555,18096,116,,,,,,
CCS-0914,234803,Mk10,00:32:24 05-Jul-2022,Argos,0,42.1418,-70.2712,4001,7709,2076,83,,,,,,
CCS-0914,234803,Mk10,00:33:59 05-Jul-2022,Argos,B,42.1328,-70.2577,9094,16586,4986,121,,,,,,
CCS-0914,234803,Mk10,00:48:39 05-Jul-2022,Argos,A,42.1256,-70.2553,4760,25453,890,86,,,,,,
CCS-0914,234803,Mk10,01:02:56 05-Jul-2022,Argos,2,42.1196,-70.2152,379,866,165,61,,,,,,
CCS-0914,234803,Mk10,01:29:33 05-Jul-2022,Argos,3,42.1243,-70.2058,222,290,170,4,,,,,,
CCS-0914,234803,Mk10,01:33:04 05-Jul-2022,Argos,2,42.1240,-70.1952,369,1128,120,88,,,,,,
CCS-0914,234803,Mk10,01:50:45 05-Jul-2022,Argos,3,42.1119,-70.1960,177,870,35,88,,,,,,
CCS-0914,234803,Mk10,02:47:47 05-Jul-2022,Argos,B,42.1048,-70.1918,747,9203,60,83,,,,,,
CCS-0914,234803,Mk10,03:12:03 05-Jul-2022,Argos,B,42.1106,-70.2194,690,5781,82,58,,,,,,
CCS-0914,234803,Mk10,08:07:18 05-Jul-2022,Argos,B,42.1041,-70.2061,2222,3640,1356,71,,,,,,
CCS-0914,234803,Mk10,08:31:48 05-Jul-2022,Argos,1,42.1046,-70.2834,970,1288,730,179,,,,,,
CCS-0914,234803,Mk10,09:39:35 05-Jul-2022,Argos,B,42.1044,-70.2981,4091,32211,519,77,,,,,,
CCS-0914,234803,Mk10,10:10:26 05-Jul-2022,Argos,0,42.1245,-70.0900,3044,46884,197,72,,,,,,
CCS-0914,234803,Mk10,11:15:31 05-Jul-2022,Argos,A,42.1566,-70.1118,6850,12754,3678,41,,,,,,
CCS-0914,234803,Mk10,11:25:51 05-Jul-2022,Argos,0,42.1291,-70.3519,10885,57462,2062,98,,,,,,
CCS-0914,234803,Mk10,11:50:59 05-Jul-2022,Argos,0,42.3243,-70.1154,11075,55664,2203,26,,,,,,
CCS-0914,234803,Mk10,12:11:52 05-Jul-2022,Argos,0,42.0662,-70.2349,6661,39857,1113,61,,,,,,
CCS-0914,234803,Mk10,13:05:44 05-Jul-2022,Argos,0,42.0337,-70.1387,7385,85918,634,106,,,,,,
CCS-0914,234803,Mk10,13:20:05 05-Jul-2022,Argos,A,41.9729,-70.2512,1903,3816,949,50,,,,,,
CCS-0914,234803,Mk10,13:49:31 05-Jul-2022,Argos,A,41.9768,-70.4184,5047,20149,1264,44,,,,,,
CCS-0914,234803,Mk10,13:49:54 05-Jul-2022,Argos,0,42.1060,-70.2259,2817,7265,1092,102,,,,,,
CCS-0914,234803,Mk10,14:07:18 05-Jul-2022,Argos,A,41.9962,-70.1272,8124,28651,2303,143,,,,,,
CCS-0914,234803,Mk10,00:17:15 06-Jul-2022,Argos,B,42.1399,-70.0635,24654,140426,4328,75,,,,,,
CCS-0914,234803,Mk10,00:29:09 06-Jul-2022,Argos,A,42.1612,-70.1384,1740,6251,484,40,,,,,,
CCS-0914,234803,Mk10,00:40:28 06-Jul-2022,Argos,A,42.0055,-70.4066,885,1518,515,7,,,,,,
CCS-0914,234803,Mk10,01:19:36 06-Jul-2022,Argos,B,42.0221,-70.3882,3561,4674,2712,82,,,,,,
CCS-0914,234803,Mk10,01:19:36 06-Jul-2022,Argos,B,42.0205,-70.3903,3600,8140,1591,74,,,,,,
CCS-0914,234803,Mk10,02:27:14 06-Jul-2022,Argos,B,42.1548,-70.0446,6088,103754,357,90,,,,,,
CCS-0914,234803,Mk10,02:54:03 06-Jul-2022,Argos,1,42.1430,-70.2619,1014,3326,309,93,,,,,,
CCS-0914,234803,Mk10,09:27:22 06-Jul-2022,Argos,B,42.3814,-69.7527,11165,73294,1700,52,,,,,,
CCS-0914,234803,Mk10,09:39:08 06-Jul-2022,Argos,0,42.1371,-70.2574,2353,12531,441,60,,,,,,
CCS-0914,234803,Mk10,11:01:43 06-Jul-2022,Argos,B,42.0778,-70.3704,7406,10461,5243,121,,,,,,
CCS-0914,234803,Mk10,11:01:50 06-Jul-2022,Argos,A,42.0543,-70.3728,8624,38605,1926,97,,,,,,
CCS-0914,234803,Mk10,11:16:22 06-Jul-2022,Argos,0,42.3119,-70.2137,4832,10905,2141,15,,,,,,
CCS-0914,234803,Mk10,11:57:04 06-Jul-2022,Argos,0,42.0756,-70.1693,3833,7430,1977,92,,,,,,
CCS-0914,234803,Mk10,12:39:23 06-Jul-2022,Argos,0,42.0639,-69.9562,37494,697337,2016,99,,,,,,
CCS-0914,234803,Mk10,13:05:47 06-Jul-2022,Argos,A,42.4122,-71.1460,16126,690543,376,116,,,,,,Lon > 4 deviations from mean
CCS-0914,234803,Mk10,13:38:25 06-Jul-2022,Argos,0,42.4377,-71.1300,17608,184329,1682,125,,,,,,Lat > 4 deviations from mean
CCS-0914,234803,Mk10,13:48:21 06-Jul-2022,Argos,B,42.1572,-70.7562,9498,34526,2612,123,,,,,,Lon > 4 deviations from mean
CCS-0914,234803,Mk10,14:18:42 06-Jul-2022,Argos,B,41.9798,-70.2836,1091,1855,640,110,,,,,,
CCS-0914,234803,Mk10,14:37:38 06-Jul-2022,Argos,A,42.1510,-70.0805,53559,78912,36351,104,,,,,,
CCS-0914,234803,Mk10,16:20:20 06-Jul-2022,Argos,B,42.1233,-70.0264,65084,417539,10145,18,,,,,,
CCS-0914,234803,Mk10,16:58:18 06-Jul-2022,Argos,0,42.0636,-70.0546,4667,49830,437,95,,,,,,
CCS-0914,234803,Mk10,21:47:31 06-Jul-2022,Argos,B,41.9934,-70.1366,16219,26082,10085,83,,,,,,
CCS-0914,234803,Mk10,21:54:04 06-Jul-2022,Argos,B,42.1117,-70.0892,12381,28087,5457,91,,,,,,
CCS-0914,234803,Mk10,00:04:16 07-Jul-2022,Argos,0,42.1160,-70.0638,3000,26359,341,112,,,,,,
CCS-0914,234803,Mk10,00:04:55 07-Jul-2022,Argos,A,42.1334,-70.1029,583,2957,115,81,,,,,,
CCS-0914,234803,Mk10,00:21:07 07-Jul-2022,Argos,A,42.1166,-70.0870,662,2991,146,33,,,,,,
CCS-0914,234803,Mk10,01:06:27 07-Jul-2022,Argos,A,42.0316,-70.1439,2190,20548,233,86,,,,,,
CCS-0914,234803,Mk10,01:06:27 07-Jul-2022,Argos,B,42.0342,-69.9402,736,1751,309,105,,,,,,
CCS-0914,234803,Mk10,01:09:00 07-Jul-2022,Argos,B,42.0433,-69.9950,2120,5126,876,67,,,,,,
CCS-0914,234803,Mk10,01:11:33 07-Jul-2022,Argos,B,42.0364,-69.9381,1528,3462,674,90,,,,,,
CCS-0914,234803,Mk10,01:43:22 07-Jul-2022,Argos,B,42.0137,-70.0017,6102,8452,4405,85,,,,,,
CCS-0914,234803,Mk10,02:03:51 07-Jul-2022,Argos,B,42.0994,-70.0036,4688,25734,853,89,,,,,,
CCS-0914,234803,Mk10,02:48:46 07-Jul-2022,Argos,B,42.0825,-70.0421,5083,24234,1066,86,,,,,,
CCS-0914,234803,Mk10,02:49:01 07-Jul-2022,Argos,B,42.0812,-70.0560,3416,15066,774,87,,,,,,
CCS-0914,234803,Mk10,03:47:09 07-Jul-2022,Argos,B,42.0599,-70.0850,1337,2611,684,90,,,,,,
CCS-0914,234803,Mk10,10:38:50 07-Jul-2022,Argos,0,42.1909,-70.7309,15968,35128,7257,52,,,,,,Lon > 4 deviations from mean
CCS-0914,234803,Mk10,10:43:17 07-Jul-2022,Argos,B,42.0857,-70.1895,9562,42893,2131,50,,,,,,
CCS-0914,234803,Mk10,10:44:05 07-Jul-2022,Argos,B,42.0575,-70.2260,4410,9546,2036,141,,,,,,
CCS-0914,234803,Mk10,11:47:35 07-Jul-2022,Argos,0,42.0303,-70.3654,2781,7978,969,69,,,,,,
CCS-0914,234803,Mk10,12:14:07 07-Jul-2022,Argos,0,42.1012,-70.1385,5056,21346,1197,135,,,,,,
CCS-0914,234803,Mk10,13:22:34 07-Jul-2022,Argos,A,42.0526,-70.0787,15301,93856,2494,128,,,,,,
CCS-0914,234803,Mk10,13:26:27 07-Jul-2022,Argos,B,42.1420,-70.2167,23211,63244,8518,94,,,,,,
CCS-0914,234803,Mk10,13:26:38 07-Jul-2022,Argos,1,42.1081,-70.1357,1276,4832,337,100,,,,,,
CCS-0914,234803,Mk10,13:54:51 07-Jul-2022,Argos,0,42.0387,-70.2013,4861,15361,1538,41,,,,,,
CCS-0914,234803,Mk10,14:18:34 07-Jul-2022,Argos,0,42.1471,-70.2042,2620,5411,1268,122,,,,,,
CCS-0914,234803,Mk10,15:06:18 07-Jul-2022,Argos,0,42.1096,-70.1384,2318,12706,422,68,,,,,,
CCS-0914,234803,Mk10,15:06:36 07-Jul-2022,Argos,0,42.1029,-70.1591,6271,25905,1518,70,,,,,,
CCS-0914,234803,Mk10,15:07:52 07-Jul-2022,Argos,0,42.0880,-70.2090,1990,7371,537,78,,,,,,
CCS-0914,234803,Mk10,16:47:55 07-Jul-2022,Argos,0,41.9267,-69.9819,6572,38234,1129,139,,,,,,
CCS-0914,234803,Mk10,00:04:53 08-Jul-2022,Argos,B,41.9550,-70.0969,23948,40386,14200,74,,,,,,
CCS-0914,234803,Mk10,00:36:03 08-Jul-2022,Argos,B,42.0800,-70.0537,19797,36595,10710,93,,,,,,
CCS-0914,234803,Mk10,00:48:16 08-Jul-2022,Argos,1,42.0719,-70.1746,719,1102,468,80,,,,,,
CCS-0914,234803,Mk10,00:54:11 08-Jul-2022,Argos,0,42.0768,-70.2157,3978,6680,2369,115,,,,,,
CCS-0914,234803,Mk10,00:54:24 08-Jul-2022,Argos,1,42.0916,-70.1634,1093,1695,704,78,,,,,,
CCS-0914,234803,Mk10,01:15:36 08-Jul-2022,Argos,0,42.1298,-70.2383,2130,3406,1332,25,,,,,,
CCS-0914,234803,Mk10,01:47:54 08-Jul-2022,Argos,A,42.1020,-70.2222,2361,4773,1167,85,,,,,,
CCS-0914,234803,Mk10,02:29:23 08-Jul-2022,Argos,A,42.0978,-70.2070,2046,19906,210,81,,,,,,
CCS-0914,234803,Mk10,02:32:48 08-Jul-2022,Argos,2,42.1044,-70.1624,361,1811,72,80,,,,,,
CCS-0914,234803,Mk10,03:24:58 08-Jul-2022,Argos,A,42.1194,-70.1787,740,3166,173,23,,,,,,
CCS-0914,234803,Mk10,04:17:45 08-Jul-2022,Argos,A,42.1142,-70.1889,1605,6673,386,39,,,,,,
CCS-0914,234803,Mk10,08:50:48 08-Jul-2022,Argos,0,42.2149,-70.1579,2202,10330,469,50,,,,,,
CCS-0914,234803,Mk10,10:14:39 08-Jul-2022,Argos,A,42.1628,-70.1372,4480,20084,999,28,,,,,,
CCS-0914,234803,Mk10,10:22:20 08-Jul-2022,Argos,0,41.9476,-70.1845,12540,35263,4459,163,,,,,,
CCS-0914,234803,Mk10,11:36:36 08-Jul-2022,Argos,B,41.9487,-70.4314,20139,37712,10754,161,,,,,,
CCS-0914,234803,Mk10,13:14:29 08-Jul-2022,Argos,A,42.2574,-70.4593,15215,414494,558,109,,,,,,
CCS-0914,234803,Mk10,13:26:53 08-Jul-2022,Argos,0,42.0824,-70.1679,14639,171637,1248,84,,,,,,
CCS-0914,234803,Mk10,13:55:14 08-Jul-2022,Argos,A,42.1694,-70.3771,3449,17811,667,110,,,,,,
CCS-0914,234803,Mk10,14:45:13 08-Jul-2022,Argos,0,42.0769,-70.1319,3944,60842,255,102,,,,,,
CCS-0914,234803,Mk10,14:55:05 08-Jul-2022,Argos,1,42.1078,-70.1072,1437,5204,396,105,,,,,,
CCS-0914,234803,Mk10,14:56:08 08-Jul-2022,Argos,0,42.0671,-70.1863,3267,6623,1611,40,,,,,,
CCS-0914,234803,Mk10,15:09:35 08-Jul-2022,Argos,B,42.1748,-70.2450,61753,89059,42819,106,,,,,,
CCS-0914,234803,Mk10,15:35:10 08-Jul-2022,Argos,1,42.0526,-70.1731,1493,1972,1130,96,,,,,,
CCS-0914,234803,Mk10,00:13:27 09-Jul-2022,Argos,A,42.1532,-70.4183,13044,149168,1140,168,,,,,,
CCS-0914,234803,Mk10,00:41:34 09-Jul-2022,Argos,1,42.1020,-70.2863,1439,3770,549,80,,,,,,
CCS-0914,234803,Mk10,00:50:33 09-Jul-2022,Argos,A,42.1353,-70.2731,4312,10982,1692,103,,,,,,
CCS-0914,234803,Mk10,02:10:02 09-Jul-2022,Argos,B,42.1587,-70.3241,15255,24256,9594,81,,,,,,
CCS-0914,234803,Mk10,02:18:59 09-Jul-2022,Argos,B,42.1065,-70.2739,8793,13641,5667,117,,,,,,
CCS-0914,234803,Mk10,03:00:40 09-Jul-2022,Argos,A,42.0645,-70.3301,2759,16415,463,7,,,,,,
CCS-0914,234803,Mk10,04:00:05 09-Jul-2022,Argos,B,42.0735,-70.3783,5319,5775,4898,61,,,,,,
CCS-0914,234803,Mk10,08:12:42 09-Jul-2022,Argos,B,42.0832,-70.3956,5171,8645,3093,65,,,,,,
CCS-0914,234803,Mk10,08:40:20 09-Jul-2022,Argos,B,42.0814,-70.4012,3719,11998,1152,81,,,,,,
CCS-0914,234803,Mk10,09:42:39 09-Jul-2022,Argos,A,42.0285,-70.2620,567,4707,68,71,,,,,,
CCS-0914,234803,Mk10,10:11:38 09-Jul-2022,Argos,B,42.0580,-70.2689,1298,8456,199,85,,,,,,
CCS-0914,234803,Mk10,11:22:32 09-Jul-2022,Argos,B,42.0879,-70.2397,11053,19807,6168,90,,,,,,
CCS-0914,234803,Mk10,11:22:32 09-Jul-2022,Argos,B,42.1052,-70.2488,13250,25473,6892,88,,,,,,
CCS-0914,234803,Mk10,13:01:58 09-Jul-2022,Argos,B,42.1051,-70.2292,14197,21877,9212,88,,,,,,
CCS-0914,234803,Mk10,13:07:03 09-Jul-2022,Argos,0,42.0345,-70.1077,1522,3800,609,6,,,,,,
CCS-0914,234803,Mk10,13:35:15 09-Jul-2022,Argos,0,42.1129,-70.2405,4461,10199,1951,107,,,,,,
CCS-0914,234803,Mk10,14:26:31 09-Jul-2022,Argos,0,42.0975,-70.2313,2629,18153,380,76,,,,,,
CCS-0914,234803,Mk10,14:47:22 09-Jul-2022,Argos,B,42.0807,-70.2126,3590,37198,346,68,,,,,,
CCS-0914,234803,Mk10,14:47:22 09-Jul-2022,Argos,B,42.0983,-70.2307,6134,9219,4081,86,,,,,,
CCS-0914,234803,Mk10,15:16:05 09-Jul-2022,Argos,0,41.9428,-70.5259,16051,48232,5341,129,,,,,,
CCS-0914,234803,Mk10,16:25:22 09-Jul-2022,Argos,A,41.9708,-70.1044,17379,83894,3600,134,,,,,,
CCS-0914,234803,Mk10,16:56:48 09-Jul-2022,Argos,B,41.9555,-70.0877,6884,9074,5222,103,,,,,,
CCS-0914,234803,Mk10,00:29:26 10-Jul-2022,Argos,0,41.9010,-70.3524,8270,20283,3371,171,,,,,,
CCS-0914,234803,Mk10,00:29:26 10-Jul-2022,Argos,B,42.0336,-70.0440,15023,30298,7449,103,,,,,,
CCS-0914,234803,Mk10,00:56:50 10-Jul-2022,Argos,0,42.0965,-70.2365,2538,4278,1505,78,,,,,,
CCS-0914,234803,Mk10,01:13:22 10-Jul-2022,Argos,B,42.0963,-70.2364,22178,32521,15123,83,,,,,,
CCS-0914,234803,Mk10,01:49:47 10-Jul-2022,Argos,B,42.0981,-70.2260,33204,57293,19242,87,,,,,,
CCS-0914,234803,Mk10,02:07:19 10-Jul-2022,Argos,2,42.1231,-70.2249,435,1164,162,85,,,,,,
CCS-0914,234803,Mk10,02:40:09 10-Jul-2022,Argos,A,42.1257,-70.2355,572,2515,130,2,,,,,,
CCS-0914,234803,Mk10,08:18:36 10-Jul-2022,Argos,B,42.0801,-70.1636,3507,5703,2156,90,,,,,,
CCS-0914,234803,Mk10,09:12:27 10-Jul-2022,Argos,A,42.0966,-70.1625,214,563,80,117,,,,,,
CCS-0914,234803,Mk10,09:53:06 10-Jul-2022,Argos,1,42.1082,-70.2399,841,10035,70,81,,,,,,
CCS-0914,234803,Mk10,10:53:24 10-Jul-2022,Argos,1,42.1182,-70.2591,985,1639,592,168,,,,,,
CCS-0914,234803,Mk10,11:03:28 10-Jul-2022,Argos,B,42.1184,-70.2590,2520,3231,1964,92,,,,,,
CCS-0914,234803,Mk10,11:10:52 10-Jul-2022,Argos,B,42.1162,-70.2940,2158,5097,913,170,,,,,,
CCS-0914,234803,Mk10,11:31:04 10-Jul-2022,Argos,B,42.1057,-70.3030,3213,3618,2853,115,,,,,,
CCS-0914,234803,Mk10,12:41:05 10-Jul-2022,Argos,A,42.1555,-70.6329,21216,475913,945,101,,,,,,
CCS-0914,234803,Mk10,12:56:10 10-Jul-2022,Argos,A,42.1265,-70.2260,22515,351581,1441,99,,,,,,
CCS-0914,234803,Mk10,13:16:53 10-Jul-2022,Argos,B,42.1278,-70.2266,7341,31122,1731,30,,,,,,
CCS-0914,234803,Mk10,14:02:36 10-Jul-2022,Argos,0,42.1111,-70.2234,5780,66092,505,94,,,,,,
CCS-0914,234803,Mk10,14:17:31 10-Jul-2022,Argos,B,42.1106,-70.2262,6828,12765,3652,93,,,,,,
CCS-0914,234803,Mk10,14:27:52 10-Jul-2022,Argos,0,42.1166,-70.2646,5757,17902,1851,157,,,,,,
CCS-0914,234803,Mk10,14:34:34 10-Jul-2022,Argos,A,42.1166,-70.2679,5873,20974,1644,144,,,,,,
CCS-0914,234803,Mk10,14:57:01 10-Jul-2022,Argos,A,41.9832,-70.2534,3139,13084,753,111,,,,,,
CCS-0914,234803,Mk10,15:45:37 10-Jul-2022,Argos,0,42.0379,-70.1632,6536,35713,1196,170,,,,,,
CCS-0914,234803,Mk10,16:11:24 10-Jul-2022,Argos,A,42.0206,-70.1208,5014,60012,418,130,,,,,,
CCS-0914,234803,Mk10,00:08:30 11-Jul-2022,Argos,B,41.9363,-69.7386,17442,225242,1350,105,,,,,,Lon > 4 deviations from mean
CCS-0914,234803,Mk10,00:15:44 11-Jul-2022,Argos,0,42.0804,-70.3500,1974,4521,861,158,,,,,,
CCS-0914,234803,Mk10,00:18:21 11-Jul-2022,Argos,3,42.0954,-70.3418,177,525,59,81,,,,,,
CCS-0914,234803,Mk10,00:37:18 11-Jul-2022,Argos,3,42.1025,-70.3405,142,238,84,93,,,,,,
CCS-0914,234803,Mk10,00:41:00 11-Jul-2022,Argos,B,42.1063,-70.3384,338,934,122,82,,,,,,
CCS-0914,234803,Mk10,01:28:58 11-Jul-2022,Argos,B,42.1231,-70.2973,838,19648,35,84,,,,,,
CCS-0914,234803,Mk10,01:55:05 11-Jul-2022,Argos,B,42.1310,-70.2857,1681,31104,90,88,,,,,,
CCS-0914,234803,Mk10,02:18:34 11-Jul-2022,Argos,B,42.1311,-70.3013,1670,7420,375,88,,,,,,
CCS-0914,234803,Mk10,03:37:57 11-Jul-2022,Argos,B,42.1446,-70.2213,2133,6041,752,87,,,,,,
CCS-0914,234803,Mk10,08:44:23 11-Jul-2022,Argos,0,42.0971,-70.2156,1661,3419,806,13,,,,,,
CCS-0914,234803,Mk10,09:35:26 11-Jul-2022,Argos,1,42.1334,-70.1754,870,1589,475,45,,,,,,
CCS-0914,234803,Mk10,10:21:44 11-Jul-2022,Argos,0,42.0895,-70.4012,4949,31050,788,78,,,,,,
CCS-0914,234803,Mk10,11:01:04 11-Jul-2022,Argos,B,42.0851,-70.4403,32851,46220,23348,87,,,,,,
CCS-0914,234803,Mk10,11:12:25 11-Jul-2022,Argos,B,42.0841,-70.4513,30717,51587,18289,86,,,,,,
CCS-0914,234803,Mk10,12:17:45 11-Jul-2022,Argos,A,42.0829,-70.3329,2525,44534,143,85,,,,,,
CCS-0914,234803,Mk10,12:39:57 11-Jul-2022,Argos,0,42.1098,-70.3785,5120,8012,3271,27,,,,,,
CCS-0914,234803,Mk10,12:56:38 11-Jul-2022,Argos,B,42.1096,-70.3708,16705,24462,11408,118,,,,,,
CCS-0914,234803,Mk10,13:43:51 11-Jul-2022,Argos,A,42.0113,-70.4879,8577,48419,1519,105,,,,,,
CCS-0914,234803,Mk10,13:53:26 11-Jul-2022,Argos,B,41.9354,-70.3301,4954,33116,741,91,,,,,,
CCS-0914,234803,Mk10,14:18:27 11-Jul-2022,Argos,0,41.9633,-70.4207,6358,21847,1850,48,,,,,,
CCS-0914,234803,Mk10,14:23:38 11-Jul-2022,Argos,B,41.9948,-70.4496,14267,31251,6513,68,,,,,,
CCS-0914,234803,Mk10,14:33:18 11-Jul-2022,Argos,0,42.1254,-70.5764,16074,423953,609,101,,,,,,
CCS-0914,234803,Mk10,00:03:22 12-Jul-2022,Argos,0,42.0251,-70.4916,11035,52612,2314,105,,,,,,
CCS-0914,234803,Mk10,00:13:31 12-Jul-2022,Argos,0,42.0092,-70.2019,1587,2909,865,82,,,,,,
CCS-0914,234803,Mk10,00:23:08 12-Jul-2022,Argos,B,42.0043,-70.3128,3522,8448,1468,170,,,,,,
CCS-0914,234803,Mk10,01:02:35 12-Jul-2022,Argos,2,42.0223,-70.2230,374,867,160,74,,,,,,
CCS-0914,234803,Mk10,01:13:27 12-Jul-2022,Argos,B,42.0178,-70.2309,1887,4763,747,157,,,,,,
CCS-0914,234803,Mk10,01:41:42 12-Jul-2022,Argos,1,42.0117,-70.2147,1167,3703,367,80,,,,,,
CCS-0914,234803,Mk10,01:48:34 12-Jul-2022,Argos,0,42.0095,-70.1982,2473,3969,1540,144,,,,,,
CCS-0914,234803,Mk10,01:59:34 12-Jul-2022,Argos,2,42.0133,-70.2200,417,1189,146,83,,,,,,
CCS-0914,234803,Mk10,03:31:50 12-Jul-2022,Argos,B,42.0052,-70.1952,6291,25909,1527,100,,,,,,
CCS-0914,234803,Mk10,08:15:44 12-Jul-2022,Argos,0,42.0147,-70.2147,1916,5026,730,129,,,,,,
CCS-0914,234803,Mk10,09:22:12 12-Jul-2022,Argos,1,42.0472,-70.2399,940,2122,415,77,,,,,,
CCS-0914,234803,Mk10,09:47:38 12-Jul-2022,Argos,0,42.0340,-70.2533,3104,61952,155,74,,,,,,
CCS-0914,234803,Mk10,10:54:08 12-Jul-2022,Argos,0,42.2000,-70.2689,10564,56412,1978,83,,,,,,
CCS-0914,234803,Mk10,11:33:10 12-Jul-2022,Argos,0,41.9234,-70.1346,22813,64139,8114,14,,,,,,
CCS-0914,234803,Mk10,11:45:45 12-Jul-2022,Argos,A,41.9963,-70.2992,7248,59718,879,106,,,,,,
CCS-0914,234803,Mk10,12:25:57 12-Jul-2022,Argos,1,42.0463,-70.3141,1178,2665,520,94,,,,,,
CCS-0914,234803,Mk10,00:48:22 13-Jul-2022,Argos,1,41.9868,-70.1586,1299,1631,1034,65,,,,,,
CCS-0914,234803,Mk10,00:52:35 13-Jul-2022,Argos,B,41.9790,-69.9673,6111,41103,908,86,,,,,,
CCS-0914,234803,Mk10,01:20:11 13-Jul-2022,Argos,B,42.0191,-70.0294,7559,29508,1936,82,,,,,,
CCS-0914,234803,Mk10,01:36:58 13-Jul-2022,Argos,B,42.0119,-70.0448,12159,36407,4061,84,,,,,,
CCS-0914,234803,Mk10,01:38:18 13-Jul-2022,Argos,A,42.0315,-70.0666,802,16264,39,77,,,,,,
CCS-0914,234803,Mk10,01:39:38 13-Jul-2022,Argos,A,41.9970,-70.2015,544,1531,193,102,,,,,,
CCS-0914,234803,Mk10,03:14:34 13-Jul-2022,Argos,A,41.9963,-70.2517,1337,5124,348,31,,,,,,
CCS-0914,234803,Mk10,03:21:54 13-Jul-2022,Argos,B,41.9962,-70.2517,971,1419,664,42,,,,,,
CCS-0914,234803,Mk10,09:07:44 13-Jul-2022,Argos,1,42.1264,-70.1642,1222,4075,366,105,,,,,,
CCS-0914,234803,Mk10,09:15:56 13-Jul-2022,Argos,0,42.1323,-70.1620,8621,12476,5956,94,,,,,,
CCS-0914,234803,Mk10,10:42:14 13-Jul-2022,Argos,A,42.1499,-70.1557,6051,83763,437,47,,,,,,
CCS-0914,234803,Mk10,10:58:23 13-Jul-2022,Argos,0,42.1125,-70.2437,1659,2578,1067,48,,,,,,
CCS-0914,234803,Mk10,11:26:50 13-Jul-2022,Argos,A,42.2116,-70.3293,11084,26830,4579,66,,,,,,
CCS-0914,234803,Mk10,12:15:17 13-Jul-2022,Argos,0,42.0486,-70.3062,1677,3996,703,95,,,,,,
CCS-0914,234803,Mk10,13:02:44 13-Jul-2022,Argos,1,42.1449,-70.2354,857,2202,333,87,,,,,,
CCS-0914,234803,Mk10,00:27:07 14-Jul-2022,Argos,2,41.9950,-70.2646,401,944,170,76,,,,,,
CCS-0914,234803,Mk10,00:31:17 14-Jul-2022,Argos,B,42.1553,-69.9450,15610,72678,3352,63,,,,,,
CCS-0914,234803,Mk10,00:52:23 14-Jul-2022,Argos,A,42.0102,-70.3059,2068,9141,467,15,,,,,,
CCS-0914,234803,Mk10,01:18:21 14-Jul-2022,Argos,B,42.0226,-70.3050,1466,5033,426,79,,,,,,
CCS-0914,234803,Mk10,01:24:30 14-Jul-2022,Argos,B,42.0202,-70.3048,622,7854,49,95,,,,,,
CCS-0914,234803,Mk10,01:28:55 14-Jul-2022,Argos,A,42.0221,-70.3151,316,836,119,68,,,,,,
CCS-0914,234803,Mk10,02:11:48 14-Jul-2022,Argos,B,42.0216,-70.2932,949,1321,681,85,,,,,,
CCS-0914,234803,Mk10,03:00:45 14-Jul-2022,Argos,A,42.0704,-70.3327,1847,19564,174,69,,,,,,
CCS-0914,234803,Mk10,03:00:59 14-Jul-2022,Argos,B,42.0712,-70.3303,289,478,174,41,,,,,,
CCS-0914,234803,Mk10,08:51:24 14-Jul-2022,Argos,B,42.0857,-70.1775,3452,6909,1724,69,,,,,,
CCS-0914,234803,Mk10,08:52:21 14-Jul-2022,Argos,A,42.0998,-70.1630,506,4489,57,93,,,,,,
CCS-0914,234803,Mk10,11:03:46 14-Jul-2022,Argos,B,42.1225,-70.1323,1609,2451,1055,94,,,,,,
CCS-0914,234803,Mk10,12:03:02 14-Jul-2022,Argos,A,42.0808,-70.1930,172,242,122,49,,,,,,
CCS-0914,234803,Mk10,13:35:23 14-Jul-2022,Argos,0,42.0904,-70.3047,8131,27357,2416,141,,,,,,
CCS-0914,234803,Mk10,13:42:52 14-Jul-2022,Argos,B,42.0920,-70.2497,1200,5140,280,107,,,,,,
CCS-0914,234803,Mk10,13:42:52 14-Jul-2022,Argos,1,42.0908,-70.2465,1378,6986,271,101,,,,,,
CCS-0914,234803,Mk10,14:19:56 14-Jul-2022,Argos,1,42.0712,-70.2177,713,1862,272,104,,,,,,
CCS-0914,234803,Mk10,15:13:06 14-Jul-2022,Argos,0,42.1196,-70.2110,9161,31133,2695,68,,,,,,
CCS-0914,234803,Mk10,15:23:47 14-Jul-2022,Argos,0,42.1228,-70.2718,12510,165424,946,104,,,,,,
CCS-0914,234803,Mk10,15:25:46 14-Jul-2022,Argos,B,42.1237,-70.2770,32031,217105,4725,97,,,,,,
CCS-0914,234803,Mk10,16:56:52 14-Jul-2022,Argos,B,42.1121,-70.0698,37726,50308,28291,21,,,,,,
CCS-0914,234803,Mk10,17:01:54 14-Jul-2022,Argos,B,42.1461,-70.0624,6746,7803,5831,76,,,,,,
CCS-0914,234803,Mk10,00:03:21 15-Jul-2022,Argos,B,42.1049,-69.7095,14378,24027,8604,101,,,,,,Lon > 4 deviations from mean
CCS-0914,234803,Mk10,00:21:03 15-Jul-2022,Argos,B,42.0239,-69.7495,10138,31031,3311,105,,,,,,Lon > 4 deviations from mean
CCS-0914,234803,Mk10,00:57:38 15-Jul-2022,Argos,B,42.2290,-70.1641,244,1864,32,82,,,,,,
CCS-0914,234803,Mk10,01:08:08 15-Jul-2022,Argos,0,42.1704,-70.2529,2659,6736,1049,47,,,,,,
CCS-0914,234803,Mk10,01:16:32 15-Jul-2022,Argos,B,42.1701,-70.2530,4707,6309,3512,79,,,,,,
CCS-0914,234803,Mk10,01:46:35 15-Jul-2022,Argos,B,42.1411,-70.2628,4657,46447,466,98,,,,,,
CCS-0914,234803,Mk10,02:36:20 15-Jul-2022,Argos,3,42.1525,-70.2536,164,256,104,93,,,,,,
CCS-0914,234803,Mk10,02:45:11 15-Jul-2022,Argos,A,42.1467,-70.2495,452,2226,91,68,,,,,,
CCS-0914,234803,Mk10,08:23:36 15-Jul-2022,Argos,B,42.0548,-70.2087,5428,9239,3188,73,,,,,,
CCS-0914,234803,Mk10,08:33:25 15-Jul-2022,Argos,B,42.0849,-70.1718,4001,6364,2515,85,,,,,,
CCS-0914,234803,Mk10,09:58:03 15-Jul-2022,Argos,0,42.1081,-70.1392,4168,54282,320,81,,,,,,
CCS-0914,234803,Mk10,10:07:44 15-Jul-2022,Argos,1,42.1158,-70.0914,705,3903,127,88,,,,,,
CCS-0914,234803,Mk10,11:37:28 15-Jul-2022,Argos,B,42.1030,-70.1120,8315,32869,2103,123,,,,,,
CCS-0914,234803,Mk10,11:53:10 15-Jul-2022,Argos,0,42.0413,-70.1540,2385,3583,1587,47,,,,,,
CCS-0914,234803,Mk10,12:09:47 15-Jul-2022,Argos,1,42.1150,-70.1628,723,2095,249,97,,,,,,
CCS-0914,234803,Mk10,13:21:01 15-Jul-2022,Argos,B,42.0944,-70.1208,7502,79405,708,64,,,,,,
CCS-0914,234803,Mk10,13:30:52 15-Jul-2022,Argos,0,42.1418,-70.1011,4514,31916,638,83,,,,,,
CCS-0914,234803,Mk10,13:49:46 15-Jul-2022,Argos,0,42.1642,-70.2663,1845,2313,1470,94,,,,,,
CCS-0914,234803,Mk10,14:02:45 15-Jul-2022,Argos,0,42.0967,-70.2299,1612,11299,229,78,,,,,,
CCS-0914,234803,Mk10,15:13:58 15-Jul-2022,Argos,B,42.1008,-70.2122,5970,8195,4348,92,,,,,,
CCS-0914,234803,Mk10,15:14:13 15-Jul-2022,Argos,B,42.1528,-70.1896,3624,20816,630,101,,,,,,
CCS-0914,234803,Mk10,01:12:03 16-Jul-2022,Argos,A,42.0828,-70.3123,2708,34148,214,123,,,,,,
CCS-0914,234803,Mk10,01:27:01 16-Jul-2022,Argos,B,42.0988,-70.1433,6767,36132,1267,84,,,,,,
CCS-0914,234803,Mk10,02:15:24 16-Jul-2022,Argos,2,42.0366,-70.3128,341,551,210,99,,,,,,
CCS-0914,234803,Mk10,02:36:17 16-Jul-2022,Argos,3,42.0255,-70.3167,247,1238,49,89,,,,,,
CCS-0914,234803,Mk10,09:26:50 16-Jul-2022,Argos,0,42.0924,-70.3124,4886,57459,415,76,,,,,,
CCS-0914,234803,Mk10,09:52:08 16-Jul-2022,Argos,0,42.1105,-70.1625,3564,26308,482,79,,,,,,
CCS-0914,234803,Mk10,11:04:18 16-Jul-2022,Argos,0,42.1395,-70.1284,1723,3193,929,108,,,,,,
CCS-0914,234803,Mk10,11:25:51 16-Jul-2022,Argos,B,42.1239,-70.1782,10360,33238,3229,140,,,,,,
CCS-0914,234803,Mk10,11:40:57 16-Jul-2022,Argos,B,42.1033,-70.1789,9363,13721,6388,117,,,,,,
CCS-0914,234803,Mk10,11:45:50 16-Jul-2022,Argos,0,42.1306,-70.2101,3174,8580,1173,123,,,,,,
CCS-0914,234803,Mk10,12:57:08 16-Jul-2022,Argos,A,42.1602,-70.2301,21837,43042,11079,59,,,,,,
CCS-0914,234803,Mk10,13:21:16 16-Jul-2022,Argos,A,42.1157,-70.2731,9161,25221,3327,111,,,,,,
CCS-0914,234803,Mk10,13:30:27 16-Jul-2022,Argos,0,42.0619,-70.0298,6891,30323,1566,138,,,,,,
CCS-0914,234803,Mk10,14:29:55 16-Jul-2022,Argos,A,42.1040,-70.1078,9987,361344,276,96,,,,,,
CCS-0914,234803,Mk10,00:19:47 17-Jul-2022,Argos,A,42.1889,-70.1432,10231,46972,2228,96,,,,,,
CCS-0914,234803,Mk10,00:45:23 17-Jul-2022,Argos,B,42.1889,-70.1440,8386,26979,2606,97,,,,,,
CCS-0914,234803,Mk10,00:45:23 17-Jul-2022,Argos,B,42.1899,-70.3167,2637,27865,249,136,,,,,,
CCS-0914,234803,Mk10,00:45:23 17-Jul-2022,Argos,B,42.1894,-70.3173,954,8332,109,135,,,,,,
CCS-0914,234803,Mk10,00:58:29 17-Jul-2022,Argos,A,42.0906,-70.1609,7580,15025,3824,147,,,,,,
CCS-0914,234803,Mk10,01:02:44 17-Jul-2022,Argos,B,42.1675,-70.1885,4953,9689,2531,95,,,,,,
CCS-0914,234803,Mk10,01:55:40 17-Jul-2022,Argos,1,42.1154,-70.2220,693,2073,231,69,,,,,,
CCS-0914,234803,Mk10,02:20:43 17-Jul-2022,Argos,B,42.1129,-70.2267,3049,4151,2239,88,,,,,,
CCS-0914,234803,Mk10,04:10:54 17-Jul-2022,Argos,B,42.0976,-70.2488,5542,7925,3875,93,,,,,,
CCS-0914,234803,Mk10,08:57:08 17-Jul-2022,Argos,A,42.1330,-70.1006,757,4675,122,123,,,,,,
CCS-0914,234803,Mk10,09:33:15 17-Jul-2022,Argos,2,42.0969,-70.1880,377,926,153,83,,,,,,
CCS-0914,234803,Mk10,10:32:03 17-Jul-2022,Argos,0,42.1158,-70.2839,10465,187155,585,95,,,,,,
CCS-0914,234803,Mk10,11:20:29 17-Jul-2022,Argos,0,42.2085,-70.1959,1924,2925,1264,149,,,,,,
CCS-0914,234803,Mk10,11:26:43 17-Jul-2022,Argos,A,41.9107,-70.3378,23465,83186,6618,87,,,,,,
CCS-0914,234803,Mk10,12:34:11 17-Jul-2022,Argos,B,41.9253,-70.3240,32821,67605,15933,89,,,,,,
CCS-0914,234803,Mk10,13:02:44 17-Jul-2022,Argos,0,42.0872,-70.0390,2953,9127,955,86,,,,,,
CCS-0914,234803,Mk10,13:06:19 17-Jul-2022,Argos,B,42.0035,-70.1266,50495,170595,14946,82,,,,,,
CCS-0914,234803,Mk10,13:19:26 17-Jul-2022,Argos,B,41.9144,-70.3448,41263,128751,13223,80,,,,,,
CCS-0914,234803,Mk10,14:13:15 17-Jul-2022,Argos,0,42.0869,-70.1906,2024,2536,1615,22,,,,,,
CCS-0914,234803,Mk10,00:25:59 18-Jul-2022,Argos,A,41.9797,-70.0520,31189,119122,8166,69,,,,,,
CCS-0914,234803,Mk10,00:32:35 18-Jul-2022,Argos,0,42.1329,-70.2317,5876,16080,2146,92,,,,,,
CCS-0914,234803,Mk10,00:33:27 18-Jul-2022,Argos,B,42.0747,-70.5731,7429,32783,1683,64,,,,,,Lon > 4 deviations from mean
CCS-0914,234803,Mk10,01:36:11 18-Jul-2022,Argos,A,42.0711,-70.3587,3251,11988,881,70,,,,,,
CCS-0914,234803,Mk10,02:15:26 18-Jul-2022,Argos,B,42.0860,-70.2978,9305,16919,5117,77,,,,,,
CCS-0914,234803,Mk10,02:24:01 18-Jul-2022,Argos,B,42.0920,-70.2857,10336,16962,6298,78,,,,,,
CCS-0914,234803,Mk10,03:18:09 18-Jul-2022,Argos,A,42.0697,-70.3158,1405,4044,488,174,,,,,,
CCS-0914,234803,Mk10,08:28:12 18-Jul-2022,Argos,B,42.0662,-70.0741,2615,12352,553,98,,,,,,
CCS-0914,234803,Mk10,09:20:27 18-Jul-2022,Argos,A,42.1023,-70.2261,240,415,138,66,,,,,,
CCS-0914,234803,Mk10,10:10:51 18-Jul-2022,Argos,B,42.1273,-70.2227,11090,15055,8169,89,,,,,,
CCS-0914,234803,Mk10,11:21:20 18-Jul-2022,Argos,A,42.2026,-70.2500,13017,52511,3226,61,,,,,,
CCS-0914,234803,Mk10,11:44:47 18-Jul-2022,Argos,0,42.1072,-70.1482,1951,3602,1056,20,,,,,,
CCS-0914,234803,Mk10,12:32:58 18-Jul-2022,Argos,0,42.1138,-70.1723,12706,239372,674,101,,,,,,
CCS-0914,234803,Mk10,12:56:20 18-Jul-2022,Argos,0,42.1055,-70.1408,2887,46163,180,99,,,,,,
CCS-0914,234803,Mk10,13:48:32 18-Jul-2022,Argos,1,42.1079,-70.1533,1231,1445,1048,100,,,,,,
CCS-0914,234803,Mk10,14:17:11 18-Jul-2022,Argos,B,42.1070,-70.1539,7643,10361,5637,93,,,,,,
CCS-0914,234803,Mk10,14:37:40 18-Jul-2022,Argos,A,42.1205,-70.1135,2191,5649,850,99,,,,,,
CCS-0914,234803,Mk10,14:37:40 18-Jul-2022,Argos,0,42.1123,-70.0698,4077,15865,1047,100,,,,,,
CCS-0914,234803,Mk10,14:37:40 18-Jul-2022,Argos,1,42.1691,-70.0410,1176,1839,751,35,,,,,,
CCS-0914,234803,Mk10,00:23:27 19-Jul-2022,Argos,B,42.1390,-70.1588,65710,,,,,,,,,
CCS-0914,234803,Mk10,02:06:30 19-Jul-2022,Argos,B,42.1079,-70.1437,1564,74816,32,88,,,,,,
CCS-0914,234803,Mk10,02:06:30 19-Jul-2022,Argos,B,42.1357,-70.1685,56769,173524,18572,97,,,,,,
CCS-0914,234803,Mk10,03:41:31 19-Jul-2022,Argos,B,42.0954,-70.2157,2191,9988,480,107,,,,,,
CCS-0914,234803,Mk10,09:00:41 19-Jul-2022,Argos,B,42.0984,-70.3238,2943,4826,1795,109,,,,,,
CCS-0914,234803,Mk10,09:31:03 19-Jul-2022,Argos,1,42.1110,-70.1605,923,2642,322,79,,,,,,
CCS-0914,234803,Mk10,10:40:37 19-Jul-2022,Argos,B,42.0960,-70.0913,14505,41630,5053,97,,,,,,
CCS-0914,234803,Mk10,11:18:17 19-Jul-2022,Argos,B,42.0985,-70.0517,19207,36452,10119,96,,,,,,
CCS-0914,234803,Mk10,12:08:57 19-Jul-2022,Argos,0,42.1334,-70.1613,2645,28591,244,92,,,,,,
CCS-0914,234803,Mk10,12:47:57 19-Jul-2022,Argos,B,42.1415,-70.1585,4040,7651,2133,93,,,,,,
CCS-0914,234803,Mk10,13:29:36 19-Jul-2022,Argos,0,42.1671,-70.3203,3732,14982,929,119,,,,,,
CCS-0914,234803,Mk10,13:58:10 19-Jul-2022,Argos,0,42.0913,-70.1500,5535,30889,991,161,,,,,,
CCS-0914,234803,Mk10,14:22:25 19-Jul-2022,Argos,B,42.2158,-70.3569,12584,308029,514,106,,,,,,
CCS-0914,234803,Mk10,14:22:25 19-Jul-2022,Argos,B,42.1950,-70.2764,180,252,129,73,,,,,,
CCS-0914,234803,Mk10,14:26:26 19-Jul-2022,Argos,B,42.1122,-70.2006,671,3913,115,39,,,,,,
CCS-0914,234803,Mk10,15:09:28 19-Jul-2022,Argos,1,42.1153,-70.2242,808,2842,229,101,,,,,,
CCS-0914,234803,Mk10,00:54:27 20-Jul-2022,Argos,B,42.2250,-70.7072,23127,54568,9801,91,,,,,,
CCS-0914,234803,Mk10,01:52:36 20-Jul-2022,Argos,Z,42.1598,-70.1119,24308,50880,11612,98,,,,,,
CCS-0914,234803,Mk10,03:33:03 20-Jul-2022,Argos,B,42.2597,-70.8511,74554,562835,9875,100,,,,,,Lon > 4 deviations from mean
CCS-0914,234803,Mk10,08:59:42 20-Jul-2022,Argos,A,42.1046,-70.1753,20372,451368,919,67,,,,,,
CCS-0914,234803,Mk10,10:21:43 20-Jul-2022,Argos,1,42.1146,-70.1265,1344,2506,720,94,,,,,,
CCS-0914,234803,Mk10,10:39:35 20-Jul-2022,Argos,0,42.1040,-70.0085,4220,26852,663,78,,,,,,
CCS-0914,234803,Mk10,11:48:37 20-Jul-2022,Argos,A,42.1259,-70.0903,8483,21250,3386,39,,,,,,
CCS-0914,234803,Mk10,13:11:05 20-Jul-2022,Argos,1,42.0904,-70.0973,699,2342,208,57,,,,,,
CCS-0914,234803,Mk10,13:29:54 20-Jul-2022,Argos,1,42.0336,-70.0106,877,1579,486,122,,,,,,
CCS-0914,234803,Mk10,13:56:41 20-Jul-2022,Argos,B,42.0223,-69.9426,3845,16956,871,14,,,,,,
CCS-0914,234803,Mk10,14:16:24 20-Jul-2022,Argos,B,42.0609,-69.9345,9184,9845,8566,51,,,,,,
CCS-0914,234803,Mk10,14:16:37 20-Jul-2022,Argos,B,42.0132,-69.9311,3732,4871,2859,37,,,,,,
CCS-0914,234803,Mk10,14:51:45 20-Jul-2022,Argos,A,41.9882,-69.9736,2431,46105,128,109,,,,,,
CCS-0914,234803,Mk10,15:49:24 20-Jul-2022,Argos,B,41.9527,-69.9322,2040,10749,387,30,,,,,,
CCS-0914,234803,Mk10,16:31:32 20-Jul-2022,Argos,B,41.9224,-69.9283,5044,7480,3400,53,,,,,,
CCS-0914,234803,Mk10,21:30:51 20-Jul-2022,Argos,B,41.7402,-69.9064,8019,12680,5070,73,,,,,,
CCS-0914,234803,Mk10,21:52:10 20-Jul-2022,Argos,A,41.6321,-69.8095,1132,5536,231,29,,,,,,
CCS-0914,234803,Mk10,22:21:34 20-Jul-2022,Argos,1,41.7138,-69.7822,852,1648,440,112,,,,,,
CCS-0914,234803,Mk10,22:50:28 20-Jul-2022,Argos,B,41.7173,-69.7812,2379,3464,1633,89,,,,,,
CCS-0914,234803,Mk10,00:04:06 21-Jul-2022,Argos,0,41.7100,-69.7875,2226,36176,137,75,,,,,,
CCS-0914,234803,Mk10,00:32:26 21-Jul-2022,Argos,A,41.7159,-69.8640,849,5659,127,46,,,,,,
CCS-0914,234803,Mk10,00:32:44 21-Jul-2022,Argos,A,41.7279,-69.8500,260,540,124,35,,,,,,
CCS-0914,234803,Mk10,00:48:20 21-Jul-2022,Argos,B,41.7307,-69.8487,596,799,444,78,,,,,,
CCS-0914,234803,Mk10,01:25:02 21-Jul-2022,Argos,B,41.7126,-69.8521,1009,1360,748,82,,,,,,
CCS-0914,234803,Mk10,01:37:12 21-Jul-2022,Argos,B,41.7794,-69.8443,795,13598,46,98,,,,,,
CCS-0914,234803,Mk10,01:48:00 21-Jul-2022,Argos,B,41.7796,-69.8477,921,2924,289,96,,,,,,
CCS-0914,234803,Mk10,02:13:24 21-Jul-2022,Argos,2,41.8201,-69.8599,344,1067,110,35,,,,,,
CCS-0914,234803,Mk10,10:10:37 21-Jul-2022,Argos,B,41.6346,-69.8674,4874,6524,3641,90,,,,,,
CCS-0914,234803,Mk10,10:10:50 21-Jul-2022,Argos,0,42.2366,-70.0175,6198,82015,468,71,,,,,,
CCS-0914,234803,Mk10,11:20:00 21-Jul-2022,Argos,0,42.2305,-70.0869,6478,64112,654,97,,,,,,
CCS-0914,234803,Mk10,12:23:20 21-Jul-2022,Argos,B,42.2077,-70.1054,8180,16347,4093,92,,,,,,
CCS-0914,234803,Mk10,13:36:17 21-Jul-2022,Argos,B,42.1863,-70.1367,9330,14981,5810,89,,,,,,
CCS-0914,234803,Mk10,13:57:17 21-Jul-2022,Argos,B,42.2022,-70.1218,10743,17388,6637,65,,,,,,
CCS-0914,234803,Mk10,14:00:04 21-Jul-2022,Argos,B,42.2241,-70.1637,2195,4211,1143,59,,,,,,
CCS-0914,234803,Mk10,15:47:25 21-Jul-2022,Argos,B,42.1721,-70.2484,2536,3924,1638,63,,,,,,
CCS-0914,234803,Mk10,17:18:41 21-Jul-2022,Argos,B,42.2073,-70.2819,2275,11146,464,84,,,,,,
CCS-0914,234803,Mk10,23:12:54 21-Jul-2022,Argos,B,42.1371,-70.4101,3636,6107,2164,74,,,,,,
CCS-0914,234803,Mk10,23:51:27 21-Jul-2022,Argos,B,42.2629,-70.2526,9233,110733,769,75,,,,,,
CCS-0914,234803,Mk10,00:14:54 22-Jul-2022,Argos,B,42.2555,-70.2812,1422,19273,104,103,,,,,,
CCS-0914,234803,Mk10,00:17:59 22-Jul-2022,Argos,1,42.2527,-70.2868,531,1315,214,80,,,,,,
CCS-0914,234803,Mk10,01:23:25 22-Jul-2022,Argos,B,42.2895,-70.2702,6791,9464,4873,91,,,,,,
CCS-0914,234803,Mk10,01:35:43 22-Jul-2022,Argos,B,42.2718,-70.2781,12590,25023,6334,27,,,,,,
CCS-0914,234803,Mk10,01:54:39 22-Jul-2022,Argos,B,42.2502,-70.2978,1287,11975,138,152,,,,,,
CCS-0914,234803,Mk10,02:39:24 22-Jul-2022,Argos,B,42.2747,-70.2880,1604,2687,957,148,,,,,,
CCS-0914,234803,Mk10,03:06:01 22-Jul-2022,Argos,B,42.2598,-70.2942,1956,2297,1665,17,,,,,,
CCS-0914,234803,Mk10,09:37:12 22-Jul-2022,Argos,1,42.2509,-70.2150,685,1405,333,87,,,,,,
CCS-0914,234803,Mk10,09:46:46 22-Jul-2022,Argos,1,42.2523,-70.2400,933,6664,130,67,,,,,,
CCS-0914,234803,Mk10,11:16:42 22-Jul-2022,Argos,0,42.2092,-70.2205,2608,4037,1685,142,,,,,,
CCS-0914,234803,Mk10,11:23:57 22-Jul-2022,Argos,B,42.2306,-70.2953,6680,10454,4268,31,,,,,,
CCS-0914,234803,Mk10,12:15:45 22-Jul-2022,Argos,0,42.2559,-70.3616,2593,24569,273,100,,,,,,
CCS-0914,234803,Mk10,12:32:45 22-Jul-2022,Argos,0,42.1911,-70.0908,3423,11491,1019,95,,,,,,
CCS-0914,234803,Mk10,13:15:55 22-Jul-2022,Argos,B,42.1656,-70.1070,13269,21646,8133,94,,,,,,
CCS-0914,234803,Mk10,13:45:38 22-Jul-2022,Argos,A,42.1431,-70.1640,7481,15834,3534,118,,,,,,
CCS-0914,234803,Mk10,13:50:56 22-Jul-2022,Argos,1,42.2230,-70.2148,576,1794,184,76,,,,,,
CCS-0914,234803,Mk10,14:07:46 22-Jul-2022,Argos,0,42.2725,-70.2561,2190,3711,1292,140,,,,,,
CCS-0914,234803,Mk10,14:13:43 22-Jul-2022,Argos,B,42.2207,-70.2207,6827,8724,5342,99,,,,,,
CCS-0914,234803,Mk10,14:58:54 22-Jul-2022,Argos,1,42.2538,-70.2005,610,786,473,59,,,,,,
CCS-0914,234803,Mk10,15:25:53 22-Jul-2022,Argos,B,42.2364,-70.2040,1472,2897,748,98,,,,,,
CCS-0914,234803,Mk10,00:41:22 23-Jul-2022,Argos,B,42.2876,-70.1750,5186,13711,1961,77,,,,,,
CCS-0914,234803,Mk10,01:07:21 23-Jul-2022,Argos,B,42.2743,-70.1924,7253,22438,2344,87,,,,,,
CCS-0914,234803,Mk10,01:16:15 23-Jul-2022,Argos,B,42.2523,-70.2370,1770,35401,88,99,,,,,,
CCS-0914,234803,Mk10,01:21:44 23-Jul-2022,Argos,B,42.2558,-70.2627,1476,11134,195,99,,,,,,
CCS-0914,234803,Mk10,01:31:06 23-Jul-2022,Argos,1,42.2592,-70.3036,900,8958,90,73,,,,,,
CCS-0914,234803,Mk10,02:50:51 23-Jul-2022,Argos,3,42.2719,-70.2690,223,715,69,89,,,,,,
CCS-0914,234803,Mk10,03:13:24 23-Jul-2022,Argos,B,42.2715,-70.2692,1483,2073,1060,89,,,,,,
CCS-0914,234803,Mk10,09:08:06 23-Jul-2022,Argos,B,42.2126,-70.2006,4810,9533,2427,90,,,,,,
CCS-0914,234803,Mk10,09:33:56 23-Jul-2022,Argos,2,42.2074,-70.2829,281,1103,71,115,,,,,,
CCS-0914,234803,Mk10,11:08:48 23-Jul-2022,Argos,B,42.1649,-70.1645,2911,4976,1703,47,,,,,,
CCS-0914,234803,Mk10,11:56:12 23-Jul-2022,Argos,1,42.1730,-70.1995,809,2015,324,130,,,,,,
CCS-0914,234803,Mk10,12:17:18 23-Jul-2022,Argos,1,42.1456,-70.2282,1110,3855,319,86,,,,,,
CCS-0914,234803,Mk10,13:46:22 23-Jul-2022,Argos,B,42.1702,-70.1886,6023,8157,4446,89,,,,,,
CCS-0914,234803,Mk10,13:46:37 23-Jul-2022,Argos,3,42.0871,-70.0612,203,473,87,111,,,,,,
CCS-0914,234803,Mk10,13:54:23 23-Jul-2022,Argos,A,42.0465,-70.1336,1648,6805,399,134,,,,,,
CCS-0914,234803,Mk10,14:32:16 23-Jul-2022,Argos,A,42.0583,-70.0274,5702,119934,271,104,,,,,,
CCS-0914,234803,Mk10,15:13:48 23-Jul-2022,Argos,0,42.0538,-70.1428,5676,9435,3414,137,,,,,,
CCS-0914,234803,Mk10,15:18:29 23-Jul-2022,Argos,B,41.9664,-70.0278,12879,51761,3204,94,,,,,,
CCS-0914,234803,Mk10,15:23:59 23-Jul-2022,Argos,0,42.1217,-70.2108,3232,4410,2368,140,,,,,,
CCS-0914,234803,Mk10,16:53:16 23-Jul-2022,Argos,0,42.1765,-70.1321,1716,2872,1025,50,,,,,,
CCS-0914,234803,Mk10,17:09:58 23-Jul-2022,Argos,B,42.1743,-70.1229,6020,7782,4656,83,,,,,,
CCS-0914,234803,Mk10,00:39:32 24-Jul-2022,Argos,B,42.1533,-70.2208,24965,46834,13307,103,,,,,,
CCS-0914,234803,Mk10,01:07:21 24-Jul-2022,Argos,B,42.1558,-70.2195,19954,58289,6830,97,,,,,,
CCS-0914,234803,Mk10,01:07:21 24-Jul-2022,Argos,A,42.1632,-70.4190,755,4813,118,28,,,,,,
CCS-0914,234803,Mk10,01:11:17 24-Jul-2022,Argos,B,42.1478,-70.4296,267,776,91,126,,,,,,
CCS-0914,234803,Mk10,01:13:49 24-Jul-2022,Argos,B,42.1454,-70.4271,248,404,152,27,,,,,,
CCS-0914,234803,Mk10,02:55:45 24-Jul-2022,Argos,B,42.1467,-70.4496,1355,1994,920,97,,,,,,
CCS-0914,234803,Mk10,08:36:30 24-Jul-2022,Argos,B,42.1352,-70.4995,2744,4635,1623,89,,,,,,
CCS-0914,234803,Mk10,09:17:12 24-Jul-2022,Argos,2,42.1077,-70.2162,494,564,432,74,,,,,,
CCS-0914,234803,Mk10,10:52:40 24-Jul-2022,Argos,2,42.0973,-70.1373,276,775,98,111,,,,,,
CCS-0914,234803,Mk10,11:43:36 24-Jul-2022,Argos,0,41.9546,-70.0140,4569,30682,680,84,,,,,,
CCS-0914,234803,Mk10,11:43:37 24-Jul-2022,Argos,0,41.8820,-70.1289,6228,28414,1365,156,,,,,,
CCS-0914,234803,Mk10,11:57:04 24-Jul-2022,Argos,B,41.9458,-69.9632,12320,20298,7477,145,,,,,,
CCS-0914,234803,Mk10,13:21:04 24-Jul-2022,Argos,0,42.0476,-70.1716,3810,16878,860,99,,,,,,
CCS-0914,234803,Mk10,13:26:34 24-Jul-2022,Argos,B,41.8328,-70.2690,28379,248868,3236,166,,,,,,
CCS-0914,234803,Mk10,13:26:43 24-Jul-2022,Argos,0,41.9813,-70.4090,3942,7442,2088,39,,,,,,
CCS-0914,234803,Mk10,14:16:10 24-Jul-2022,Argos,A,42.0881,-70.2234,9211,113333,748,73,,,,,,
CCS-0914,234803,Mk10,15:05:30 24-Jul-2022,Argos,0,42.0427,-70.3050,3851,14126,1050,116,,,,,,
CCS-0914,234803,Mk10,15:06:15 24-Jul-2022,Argos,0,42.0938,-70.4110,2955,24664,354,96,,,,,,
CCS-0914,234803,Mk10,15:59:52 24-Jul-2022,Argos,B,42.0698,-70.3686,15442,22328,10679,90,,,,,,
CCS-0914,234803,Mk10,16:49:55 24-Jul-2022,Argos,0,41.8588,-70.2627,2026,6770,606,141,,,,,,
CCS-0914,234803,Mk10,16:50:27 24-Jul-2022,Argos,A,41.8374,-70.2324,7190,16021,3227,140,,,,,,
